party,state,votes,constituency,candidate
Bharatiya Janata Party,Assam,53975,Ratabari,KRIPANATH MALLAH
Indian National Congress,Assam,29449,Ratabari,AKHIL RANJAN TALUKDAR
All India United Democratic Front,Assam,23926,Ratabari,RAJIB BISWAS
Independent,Assam,908,Ratabari,SETUL CHANDRA NAMASUDRA
Samajwadi Party,Assam,542,Ratabari,NIRMAL MALLICK
Independent,Assam,487,Ratabari,PRABIR BARDHAN
Independent,Assam,419,Ratabari,SANJOY KUMAR MALLAH
Independent,Assam,380,Ratabari,KALIPADA BISWAS
Independent,Assam,370,Ratabari,MANILAL RABIDAS
SOCIALIST UNITY CENTRE OF INDIA (COMMUNIST),Assam,354,Ratabari,SATYENDRA NAMASUDRA
Independent,Assam,267,Ratabari,NIRANJAN MALLAH
Independent,Assam,247,Ratabari,RANJU ROY
Independent,Assam,204,Ratabari,UMESH MALAH
Independent,Assam,191,Ratabari,AMULYA NAMASUDRA
None of the Above,Assam,889,Ratabari,None of the Above
All India United Democratic Front,Assam,41647,Hailakandi,ANWAR HUSSAIN LASKAR
Bharatiya Janata Party,Assam,39039,Hailakandi,SOUMYAJIT DUTTA CHOUDHURY
Independent,Assam,15633,Hailakandi,ZAKIR HUSSAIN LASKAR
Indian National Congress,Assam,9287,Hailakandi,ANAM UDDIN LASKAR
Independent,Assam,1119,Hailakandi,HAJI SALIM UDDIN BARBHUIYA
Independent,Assam,1104,Hailakandi,PREMRAJ GOALA
Samajwadi Party,Assam,602,Hailakandi,SAMIR UDDIN LASKAR
Independent,Assam,579,Hailakandi,FAKRUL ALAM MAZARBHUIYA
Independent,Assam,430,Hailakandi,ALI HUSSAIN  MIRA
Independent,Assam,376,Hailakandi,NIREN DAS
Nationalist Congress Party,Assam,372,Hailakandi,AJIT KUMAR PAUL
Independent,Assam,366,Hailakandi,LUTFUR RAHMAN LASKAR
Independent,Assam,363,Hailakandi,AMIT KUMAR DEB
Bharatiya Janata Party,Assam,46544,Patharkandi,KRISHNENDU PAUL
All India United Democratic Front,Assam,37276,Patharkandi,DEBENDRA KUMAR SINHA
Indian National Congress,Assam,32048,Patharkandi,MONI LAL GOWALA
Communist Party of India  (Marxist),Assam,1638,Patharkandi,KRIPESH RANJAN DASGUPTA
Independent,Assam,244,Hailakandi,MITUZZAMAN LASKAR
Independent,Assam,228,Hailakandi,PARBEJ KHASRU LASKAR
Independent,Assam,211,Hailakandi,AMAR CHAND BHOWMIK
Independent,Assam,199,Hailakandi,BURHAN UDDIN BARBHUIYA
Independent,Assam,180,Hailakandi,SAHARUZZAMAN LASKAR
Independent,Assam,176,Hailakandi,ABUL HUSSAIN BARBHUIYA
SOCIALIST UNITY CENTRE OF INDIA (COMMUNIST),Assam,163,Hailakandi,SUSHIL PAUL
Indian National Congress,Assam,45289,Karimganj North,KAMALAKHYA DEY PURKAYASTHA
Bharatiya Janata Party,Assam,44821,Karimganj North,MISSION RANJAN DAS
All India United Democratic Front,Assam,34207,Karimganj North,SAHABUL ISLAM CHOUDHURY
Independent,Assam,1704,Karimganj North,NAZRUL ISLAM CHOUDHURY
Independent,Assam,1052,Karimganj North,ABDUL AHAD CHOUDHURY
Independent,Assam,708,Karimganj North,MOIN UDDIN
Independent,Assam,892,Patharkandi,KABIR AHMED
Independent,Assam,743,Patharkandi,RAHIM UDDIN AHMED
Samajwadi Party,Assam,599,Patharkandi,MISBAQUE UDDIN
SOCIALIST UNITY CENTRE OF INDIA (COMMUNIST),Assam,509,Patharkandi,DEBANGSHU NATH
Independent,Assam,501,Patharkandi,ASAD UDDIN AHMED
All India United Democratic Front,Assam,58060,Karimganj South,AZIZ AHMED KHAN
Indian National Congress,Assam,53644,Karimganj South,SIDDEQUE AHMED
Bharatiya Janata Party,Assam,11861,Karimganj South,SIPRA GOON
Independent,Assam,815,Karimganj South,MONARUL HAQUE
Independent,Assam,158,Hailakandi,ADHIR CHANDA
Independent,Assam,122,Hailakandi,AJAY KUMAR ROY
Independent,Assam,114,Hailakandi,SANKAR CHAKROBARTY
None of the Above,Assam,281,Hailakandi,None of the Above
SOCIALIST UNITY CENTRE OF INDIA (COMMUNIST),Assam,468,Karimganj North,ARUNANGSHU BHATTACHARJEE
Independent,Assam,420,Karimganj North,MUHAMMAD MUHSIN ALAM
Independent,Assam,265,Karimganj North,SIBIR AHMED
Bharatiya Gana Parishad,Assam,253,Karimganj North,BIKASH KANTI ROY
Independent,Assam,241,Karimganj North,DEEPAN NATH
Independent,Assam,237,Karimganj North,KAYSAR AHMED CHOUDHURY
Independent,Assam,161,Karimganj North,AMJAD HUSSAIN
Independent,Assam,495,Patharkandi,NITAI DEY
Independent,Assam,419,Patharkandi,NIHAR RANJAN DEB NATH
None of the Above,Assam,1030,Patharkandi,None of the Above
All India United Democratic Front,Assam,50676,Katlichera,SUZAM UDDIN LASKAR
Indian National Congress,Assam,35592,Katlichera,GAUTAM ROY
Bharatiya Janata Party,Assam,32164,Katlichera,RAJ KUMAR DAS
Nationalist Congress Party,Assam,898,Katlichera,MULNEILAL HRANGKHOL
Independent,Assam,782,Katlichera,SUZAM UDDIN LASKAR
Samajwadi Party,Assam,755,Katlichera,ANIL NATH
Independent,Assam,592,Karimganj South,MOSUD AHMED
Independent,Assam,391,Karimganj South,AZIR UDDIN
Independent,Assam,366,Karimganj South,MOIN UDDIN
Independent,Assam,265,Karimganj South,MAYNUL HAQUE
Independent,Assam,264,Karimganj South,SUFIAN AHMED
Independent,Assam,242,Karimganj South,BILAL UDDIN
Independent,Assam,212,Karimganj South,TAJ MD KAMAL UDDIN KHAN
Independent,Assam,199,Karimganj South,JAMAL AHMED
Indian National Congress,Assam,38266,Badarpur,JAMAL UDDIN AHMED
All India United Democratic Front,Assam,36178,Badarpur,ABDUL AZIZ
Bharatiya Janata Party,Assam,35694,Badarpur,DIPAK DEB
Independent,Assam,418,Badarpur,SAZIDUL HOQUE
Independent,Assam,144,Karimganj North,TAJ UDDIN CHOUDHURY
Independent,Assam,137,Karimganj North,ARUN KUMAR DAS
None of the Above,Assam,674,Karimganj North,None of the Above
Independent,Assam,661,Katlichera,BHASKAR DEB
Independent,Assam,567,Katlichera,BACHCHU PAUL
Independent,Assam,429,Katlichera,MINNOTULLA CHOUDHURY
Independent,Assam,383,Katlichera,MOHAN DEB
Independent,Assam,364,Katlichera,ASHIK AHMED LASKAR
Independent,Assam,329,Katlichera,BAPPA PURKAYASTHA
Independent,Assam,300,Katlichera,NOROKANTO DAS
None of the Above,Assam,931,Katlichera,None of the Above
Independent,Assam,159,Karimganj South,ABDUL HAMID
Independent,Assam,157,Karimganj South,AHMED ALI
Independent,Assam,150,Karimganj South,ABU BARKAT NIZAM UDDIN AHMED
Independent,Assam,122,Karimganj South,MUKTAR HUSSAIN
Independent,Assam,106,Karimganj South,SAD UDDIN
Independent,Assam,105,Karimganj South,SAHAJAN AHMED
Independent,Assam,98,Karimganj South,QUAMRUL ISLAM
Independent,Assam,97,Karimganj South,SARIF UDDIN
Samajwadi Party,Assam,303,Badarpur,KAMRUL ISLAM
Independent,Assam,295,Badarpur,SUBODH SUKLABAIDYA
Independent,Assam,168,Badarpur,OLIOUR RAHAMAN TAPADAR
Independent,Assam,147,Badarpur,SOLMON SHAIKH
Independent,Assam,142,Badarpur,ABDUS SUKKUR BEIG
Bharatiya Janata Party,Assam,94787,Silchar,SRI DILIP KUMAR PAUL
Indian National Congress,Assam,54867,Silchar,BITHIKA DEV
Communist Party of India  (Marxist),Assam,1961,Silchar,SUPRIYA BHATTACHARJEE
Independent,Assam,657,Silchar,SHUVADIP DATTA
Independent,Assam,95,Karimganj South,FAIZUL HAQUE
Independent,Assam,90,Karimganj South,KABIR UDDIN
Independent,Assam,80,Karimganj South,SALIM UDDIN
Independent,Assam,56,Karimganj South,SABIR AHMED
Independent,Assam,43,Karimganj South,RAJIB DAS
None of the Above,Assam,173,Karimganj South,None of the Above
Independent,Assam,132,Badarpur,KHASRUZZAMAN TALUKDAR
Independent,Assam,101,Badarpur,ANAM UDDIN
Independent,Assam,79,Badarpur,BINOY NAMASUDRA
None of the Above,Assam,596,Badarpur,None of the Above
Independent,Assam,526,Silchar,RITA MAZUMDER
Independent,Assam,512,Silchar,IMDAD HUSSAIN LASKAR
Samajwadi Party,Assam,332,Silchar,SAHIN AHMED CHOUDHURY
SOCIALIST UNITY CENTRE OF INDIA (COMMUNIST),Assam,324,Silchar,PRADIP KUMAR DEB
Independent,Assam,318,Silchar,BIJU CHANDA
Independent,Assam,270,Silchar,KHAIRUL ALAM BARBHUIYA
Independent,Assam,232,Silchar,BROJALAL DAS
Independent,Assam,211,Silchar,ASCHAM UDDIN LASKAR
Bharatiya Gana Parishad,Assam,199,Silchar,NILOM SANJIB SARMAH
Independent,Assam,158,Silchar,MONILAL DAS
Independent,Assam,97,Silchar,ASHIM KUMAR DAS
None of the Above,Assam,1143,Silchar,None of the Above
All India United Democratic Front,Assam,50531,Algapur,NIZAM UDDIN CHOUDHURY
Bharatiya Janata Party,Assam,32777,Algapur,KAUSHIK RAI
Indian National Congress,Assam,25927,Algapur,RAHUL ROY
Asom Gana Parishad,Assam,5822,Algapur,MEHNAZ SAHID CHOUDHURY
Samajwadi Party,Assam,585,Algapur,SAHIDUL ISLAM LASKAR
Independent,Assam,509,Algapur,AHMED HUSSAIN LASKAR
Independent,Assam,475,Algapur,RAJU DAS
Independent,Assam,475,Algapur,RUPU DEB
Independent,Assam,461,Algapur,SAMIN AHMED CHOUDHURY
Independent,Assam,260,Algapur,AHMED KARIM BARBHUIYA
Independent,Assam,229,Algapur,IMADUL ISLAM LASKAR
Independent,Assam,222,Algapur,BINAYAK DEB
Independent,Assam,179,Algapur,KAZI MUZAKKIR HUSSAIN
Independent,Assam,173,Algapur,SALEH AHMED MAZUMDER
None of the Above,Assam,768,Algapur,None of the Above
Bharatiya Janata Party,Assam,44236,Sonai,AMINUL HAQUE LASKAR
Indian National Congress,Assam,36683,Sonai,ANAMUL HAQUE
All India United Democratic Front,Assam,32109,Sonai,KARIM UDDIN BARBHUIYA
Independent,Assam,2987,Sonai,IBUNGOBI SINGHA
Independent,Assam,2408,Sonai,ANWAR HUSSAIN LASKAR
Independent,Assam,943,Sonai,SANJIB KUMAR DAS
Independent,Assam,598,Sonai,SANTOSH DAS
Independent,Assam,579,Sonai,REJAUL ISLAM BARBHUIYA
Lok Jan Shakti Party,Assam,522,Sonai,PRANESH NATH
Samajwadi Party,Assam,401,Sonai,MANINDRA CHANDRA DAS
Independent,Assam,401,Sonai,JAWAHAR LAL GOALA
Independent,Assam,306,Sonai,MAKSUS AHMED LASKAR
Indian National Congress,Assam,60135,Lakhipur,RAJDEEP GOALA
Bharatiya Janata Party,Assam,35768,Lakhipur,THOIBA SINGHA
Janata Dal  (United),Assam,8923,Lakhipur,LALTHOMLIEN HMAR
SOCIALIST UNITY CENTRE OF INDIA (COMMUNIST),Assam,1346,Lakhipur,JOY SINGH CHATRI
Independent,Assam,741,Lakhipur,SANJAY KUMAR THAKUR
Independent,Assam,660,Lakhipur,AJMUL HUSSAIN LASKAR
None of the Above,Assam,1292,Sonai,None of the Above
Independent,Assam,456,Lakhipur,UJJAL DHUBI
None of the Above,Assam,1309,Lakhipur,None of the Above
Bharatiya Janata Party,Assam,68694,Dholai,PARIMAL SUKLABAIDYA
Indian National Congress,Assam,41857,Dholai,GIRINDRA MALLIK
All India United Democratic Front,Assam,13382,Dholai,LALTA PROSAD MALA
SOCIALIST UNITY CENTRE OF INDIA (COMMUNIST),Assam,1146,Dholai,GOUR CHANDRA DAS
Independent,Assam,1114,Dholai,NIHAR RANJAN DAS
None of the Above,Assam,2110,Dholai,None of the Above
Bharatiya Janata Party,Assam,54204,Udharbond,MIHIR KANTI SHOME
Indian National Congress,Assam,45598,Udharbond,AJIT SINGH
All India United Democratic Front,Assam,8715,Udharbond,LIAKAT ALI LASKAR
Independent,Assam,882,Udharbond,SADIK HUSSAIN BARLASKAR
Samajwadi Party,Assam,542,Udharbond,APARNA TEWARI
Independent,Assam,474,Udharbond,MOINUL HOQUE LASKAR
None of the Above,Assam,1745,Udharbond,None of the Above
Bharatiya Janata Party,Assam,36482,Barkhola,KISHOR NATH
Independent,Assam,36440,Barkhola,MISBAHUL ISLAM LASKAR
Indian National Congress,Assam,21946,Barkhola,DR. RUMI NATH
All India United Democratic Front,Assam,4051,Barkhola,JAHURUL ISLAM BARBHUIYA
Communist Party of India  (Marxist),Assam,2438,Barkhola,CHUNILAL BHATTACHARJEE
Independent,Assam,619,Barkhola,BADRUL ISLAM MAZUMDER
Bharatiya Janata Party,Assam,59764,Katigorah,AMAR CHAND JAIN
All India United Democratic Front,Assam,50956,Katigorah,KHALIL UDDIN MAZUMDER
Indian National Congress,Assam,16418,Katigorah,ATAUR RAHMAN MAZARBHUIYA
Independent,Assam,1949,Katigorah,TRAYABASHI DAS
Communist Party of India,Assam,1372,Katigorah,MOINUL HOQUE
Independent,Assam,906,Katigorah,SAMUJJAL DAS
Independent,Assam,473,Barkhola,ANAM UDDIN MAZUMDER
Independent,Assam,464,Barkhola,NAZMUL HOQUE LASKAR
None of the Above,Assam,1621,Barkhola,None of the Above
Independent,Assam,826,Katigorah,HANIF ALOM MAZARBHUIYA
Samajwadi Party,Assam,552,Katigorah,ALA UDDIN CHOUDHURY
Independent,Assam,541,Katigorah,SALEH AHMED TALUKDAR
Independent,Assam,425,Katigorah,ARUN KARMAKAR
Independent,Assam,356,Katigorah,RAFIQUE UZZAMAN LASKAR
Independent,Assam,284,Katigorah,MAHENDRA SINHA
Jan Congress Party,Assam,273,Katigorah,SUJATA SINHA
Independent,Assam,184,Katigorah,DIPAK LAL DAS
None of the Above,Assam,906,Katigorah,None of the Above
Bharatiya Janata Party,Assam,52037,Haflong ,BIR BHADRA HAGJER
Indian National Congress,Assam,43731,Haflong ,NIRMAL LANGTHASA
Independent,Assam,2893,Haflong ,MAYASING DAULAGUPU
All India United Democratic Front,Assam,2723,Haflong ,NEIKHOL HAOLAI CHANGSAN
None of the Above,Assam,1111,Haflong ,None of the Above
Bharatiya Janata Party,Assam,40170,Bokajan,NUMAL MOMIN
Indian National Congress,Assam,35426,Bokajan,KLENGDOON ENGTI
Independent,Assam,25388,Bokajan,JAGAT SING ENGTI
National People's Party,Assam,1628,Bokajan,DANIEL MOMIN
Independent,Assam,1441,Bokajan,SANJAY KEMPRAI
Jan Congress Party,Assam,959,Bokajan,BIKHA TOKBI
None of the Above,Assam,2144,Bokajan,None of the Above
Bharatiya Janata Party,Assam,43378,Howraghat,JOY RAM ENGLENG
Indian National Congress,Assam,36987,Howraghat,KHORSING ENGTI
Independent,Assam,15899,Howraghat,CHOMANG KRO
None of the Above,Assam,1906,Howraghat,None of the Above
Bharatiya Janata Party,Assam,64421,Diphu,SUM RONGHANG
Indian National Congress,Assam,36185,Diphu,BIDYA SING ENGLENG
Independent,Assam,31647,Diphu,DR. JAYANTA RONGPI
Lok Jan Shakti Party,Assam,1975,Diphu,DIPENDRA RONGPI
Jan Congress Party,Assam,1231,Diphu,MARY KRAMSAPI
None of the Above,Assam,2803,Diphu,None of the Above
Indian National Congress,Assam,54181,Mankachar ,DR. MOTIUR ROHMAN MONDAL
All India United Democratic Front,Assam,49868,Mankachar ,MD. AMINUL ISLAM
Independent,Assam,48358,Mankachar ,ZABED ISLAM
Bharatiya Janata Party,Assam,8490,Mankachar ,ABDUL SALAM SHAH
Independent,Assam,6718,Mankachar ,AMINUL ISLAM
Independent,Assam,1399,Mankachar ,RUKUNUR ZAMAN
SOCIALIST UNITY CENTRE OF INDIA (COMMUNIST),Assam,1186,Mankachar ,PAHCHAN ALI
Samajwadi Party,Assam,590,Mankachar ,MOSTAQUE MD MOKSEDUR HASSAN
None of the Above,Assam,835,Mankachar ,None of the Above
Indian National Congress,Assam,62596,Baithalangso,DR.MANSING RONGPI
Bharatiya Janata Party,Assam,53077,Baithalangso,ARUN TERANG
Independent,Assam,25171,Baithalangso,HOLIRAM TERANG
Jan Congress Party,Assam,2285,Baithalangso,DHONSING HANSE
None of the Above,Assam,2981,Baithalangso,None of the Above
Indian National Congress,Assam,80066,Salmara South,WAZED ALI CHOUDHURY
All India United Democratic Front,Assam,63343,Salmara South,BADRUDDIN AJMAL
Bharatiya Janata Party,Assam,1954,Salmara South,SHIRAJ HUSSAIN
SOCIALIST UNITY CENTRE OF INDIA (COMMUNIST),Assam,1153,Salmara South,DEWAN JOYNAL ABEDIN
None of the Above,Assam,581,Salmara South,None of the Above
All India United Democratic Front,Assam,60933,Dhubri,NAJRUL HOQUE
Independent,Assam,36847,Dhubri,NAZIBUL UMAR
Bharatiya Janata Party,Assam,33648,Dhubri,DR. DEBAMOY SANYAL
Indian National Congress,Assam,13126,Dhubri,ABEDUR ZAMAN
Independent,Assam,3486,Dhubri,RASUL HOQUE
Independent,Assam,975,Dhubri,ALI HUSSAIN
Communist Party of India  (Marxist),Assam,669,Dhubri,SOPIAR RAHMAN
SOCIALIST UNITY CENTRE OF INDIA (COMMUNIST),Assam,552,Dhubri,AZHAR HUSSAIN
Republican Party of India (A),Assam,406,Dhubri,MUKTA BEGUM
Rashtriya Secular Congress,Assam,312,Dhubri,BAHARUL SK.
None of the Above,Assam,1069,Dhubri,None of the Above
All India United Democratic Front,Assam,73423,Gauripur,NIJANUR RAHMAN
Bodoland Peoples Front,Assam,53512,Gauripur,BANENDRA KUMAR MUSHAHARY
Indian National Congress,Assam,23102,Gauripur,SUSHIL KUMAR ROY
Independent,Assam,5420,Gauripur,SUKUMAR ROY
Independent,Assam,768,Gauripur,ABDUR RAZZAQUE SHEIKH
Independent,Assam,669,Gauripur,SUNIL DAS
Independent,Assam,595,Gauripur,MOINUL HOQUE
Rashtriya Secular Congress,Assam,539,Gauripur,HELIM ZAMAN
Independent,Assam,534,Gauripur,BIKROMJIT ROY
The National Road Map Party of India,Assam,487,Gauripur,MD. MAHIJUR RAHMAN
Republican Party of India (A),Assam,301,Gauripur,MIR HUSSAIN SARKAR
None of the Above,Assam,1447,Gauripur,None of the Above
Bharatiya Janata Party,Assam,74644,Golakganj,ASHWINI RAY SARKAR
Indian National Congress,Assam,68253,Golakganj,ABDUS SOBAHAN ALI SARKAR
All India United Democratic Front,Assam,16843,Golakganj,SAFER ALI AHMED
Independent,Assam,814,Golakganj,JALAL UDDIN KHAN
None of the Above,Assam,1001,Golakganj,None of the Above
All India United Democratic Front,Assam,44407,BILASIPARA WEST,HAFIZ BASHIR AHMED
Independent,Assam,33205,BILASIPARA WEST,ALI AKBAR MIAH
Indian National Congress,Assam,25515,BILASIPARA WEST,SABANA AKTAR
Asom Gana Parishad,Assam,14688,BILASIPARA WEST,ALI AZOM SHEIKH
Communist Party of India,Assam,6792,BILASIPARA WEST,GIAS UDDIN AHMED
Independent,Assam,5812,BILASIPARA WEST,BIPLAB MUKHERJEE
Independent,Assam,1997,BILASIPARA WEST,ATOWAR HUSSAIN
Independent,Assam,1412,BILASIPARA WEST,SAIFUL ISLAM
Independent,Assam,616,BILASIPARA WEST,SHEIKH MONSHUR RAHMAN
Samajwadi Party,Assam,577,BILASIPARA WEST,MOHAR UDDIN MONDAL
Republican Party of India (A),Assam,498,BILASIPARA WEST,AFZALUR RAHMAN
Jan Congress Party,Assam,492,BILASIPARA WEST,AJMIRA AKTAR
Independent,Assam,486,BILASIPARA WEST,PRAKRITA KUMAR N ATH
Indian Union Muslim League,Assam,250,BILASIPARA WEST,YOUSUB ALI AHMED
None of the Above,Assam,766,BILASIPARA WEST,None of the Above
Bharatiya Janata Party,Assam,59206,BILASIPARA EAST,ASHOK KUMAR SINGHI
Indian National Congress,Assam,54110,BILASIPARA EAST,AMRIT BADSHA
All India United Democratic Front,Assam,43213,BILASIPARA EAST,MOSHLEM UDDIN CHOUDHURY
Independent,Assam,4941,BILASIPARA EAST,ANWAR HUSSAIN
Independent,Assam,1047,BILASIPARA EAST,SIDDIQUE HUSSEIN
Independent,Assam,749,BILASIPARA EAST,AMARENDRA NATH
Independent,Assam,733,BILASIPARA EAST,MARTIAL RUSSEL
Independent,Assam,720,BILASIPARA EAST,NISHIL KUMAR RAY
Independent,Assam,700,BILASIPARA EAST,TRIDIP PATI SINGHA
Samajwadi Party,Assam,500,BILASIPARA EAST,AMZAD HUSSEIN
Independent,Assam,406,BILASIPARA EAST,DR. ASHWIN KUMAR MAHANTA
Republican Party of India (A),Assam,340,BILASIPARA EAST,MOMINUR ALI SHEIKH
None of the Above,Assam,1073,BILASIPARA EAST,None of the Above
Bodoland Peoples Front,Assam,64423,Kokrajhar West,RABIRAM NARZARY
All India United Democratic Front,Assam,47083,Kokrajhar West,DAHIT CHANDRA BRAHMA
Independent,Assam,18629,Kokrajhar West,URKHAO GWRA BRAHMA
Independent,Assam,3545,Kokrajhar West,NILIMA BRAHMA
Independent,Assam,1437,Kokrajhar West,BHADRESWAR BRAHMA
Independent,Assam,1116,Kokrajhar West,MUKUNDA KOCH
Independent,Assam,1044,Kokrajhar West,SUBHADRA NARZARY
Independent,Assam,977,Kokrajhar West,SUJILA BASUMATARY
Independent,Assam,775,Kokrajhar West,ARUNA BRAHMA
Independent,Assam,627,Kokrajhar West,RANJOY KR. BRAHMA
None of the Above,Assam,1285,Kokrajhar West,None of the Above
Bodoland Peoples Front,Assam,45517,Gossaigaon,MAJENDRA NARZARY
All India United Democratic Front,Assam,39476,Gossaigaon,RAVI SANKAR KASIREDDY
Indian National Congress,Assam,32187,Gossaigaon,ASHIM HASDA
Independent,Assam,17924,Gossaigaon,SOMNATH NARZARY
Independent,Assam,3786,Gossaigaon,WILSON HASDA
Republican Party of India (A),Assam,1199,Gossaigaon,MITHUN NATH
Independent,Assam,969,Gossaigaon,RAJENDRA MUSHAHARY
None of the Above,Assam,1482,Gossaigaon,None of the Above
Bodoland Peoples Front,Assam,76496,Kokrajhar East,PRAMILA RANI BRAHMA
Independent,Assam,36405,Kokrajhar East,PRATIBHA BRAHMA
All India United Democratic Front,Assam,12588,Kokrajhar East,MANU BORGAYARY
Independent,Assam,6994,Kokrajhar East,BASANTA KUMAR MEDHI
Independent,Assam,1816,Kokrajhar East,AJAY KUMAR NARZARY
Independent,Assam,1642,Kokrajhar East,RAJESH NARZARY
None of the Above,Assam,2288,Kokrajhar East,None of the Above
Bodoland Peoples Front,Assam,66037,Sidli ,CHANDAN BRAHMA
Independent,Assam,57049,Sidli ,RWNGWRA NARZARY
Independent,Assam,21601,Sidli ,DILIP KUMAR SARANIA
All India United Democratic Front,Assam,8083,Sidli ,PANKAJ ISLARY
Independent,Assam,1548,Sidli ,PHALMARSTON BRAHMA
None of the Above,Assam,2929,Sidli ,None of the Above
All India United Democratic Front,Assam,51525,Abhayapuri South (SC),ANANTA KUMAR MALO
Indian National Congress,Assam,51334,Abhayapuri South (SC),CHANDAN KUMAR SARKAR
Asom Gana Parishad,Assam,50957,Abhayapuri South (SC),RABIN BANIKYA
Independent,Assam,1602,Abhayapuri South (SC),NIRMALENDU BANIKYA
Republican Party of India (A),Assam,1304,Abhayapuri South (SC),ASHOK DUTTA
Jan Congress Party,Assam,694,Abhayapuri South (SC),DHIREN MAJUMDAR
None of the Above,Assam,1113,Abhayapuri South (SC),None of the Above
Asom Gana Parishad,Assam,77292,Bongaigaon,PHANI BHUSAN CHOUDHURY
Indian National Congress,Assam,45972,Bongaigaon,SHANKAR PRASAD RAY
Independent,Assam,7087,Bongaigaon,DR. ITESH BORDOLOI
Independent,Assam,1902,Bongaigaon,DHIRABATI CHOUDHURY
Independent,Assam,1404,Bongaigaon,PRABHAT BAISNAB
Independent,Assam,1099,Bongaigaon,FULBAR ALI MOLYA
Independent,Assam,815,Bongaigaon,DEEPAK KUMAR DAS
None of the Above,Assam,2376,Bongaigaon,None of the Above
Bodoland Peoples Front,Assam,29240,Bijni,KAMALSHING NARZARY
Bharatiya Gana Parishad,Assam,27562,Bijni,AJAY KUMAR RAY
Independent,Assam,19350,Bijni,SANTOSH KHAKHLARY
All India United Democratic Front,Assam,18197,Bijni,KAMALESWAR RAY
Independent,Assam,12619,Bijni,KHALILUR RAHMAN
Communist Party of India  (Marxist),Assam,5991,Bijni,GAJENDRA BARMAN
Indian National Congress,Assam,3861,Bijni,BISWAJIT RAY
Jharkhand Disom Party,Assam,1236,Bijni,PHILIP MARANDI
None of the Above,Assam,1306,Bijni,None of the Above
Indian National Congress,Assam,48354,Abhayapuri North,ABDUL HAI NAGORI
Asom Gana Parishad,Assam,46211,Abhayapuri North,BHUPEN ROY
All India United Democratic Front,Assam,32699,Abhayapuri North,ABDUL BATIN KHANDAKAR
Independent,Assam,3968,Abhayapuri North,SWAPAN MUKHERJEE
Communist Party of India  (Marxist),Assam,3315,Abhayapuri North,TAREN CHANDRA RAY
Republican Party of India (A),Assam,836,Abhayapuri North,BHAGIRATH RAY
Independent,Assam,501,Abhayapuri North,SAMSUL HOQUE
None of the Above,Assam,803,Abhayapuri North,None of the Above
Bharatiya Janata Party,Assam,79983,Dudhnai,DIPAK KUMAR RABHA
Indian National Congress,Assam,51316,Dudhnai,SIBCHARAN BASUMATARY
All India United Democratic Front,Assam,11305,Dudhnai,MEERA BASUMATARY
Independent,Assam,7278,Dudhnai,KANGKAN KHAKHALARY
Independent,Assam,2936,Dudhnai,DEBEN DAIMARY
Communist Party of India,Assam,1567,Dudhnai,BHUPENDRA RABHA
Independent,Assam,1413,Dudhnai,THARMAN MOMIN
Republican Party of India (A),Assam,1210,Dudhnai,RAJESWAR RABHA
Independent,Assam,1054,Dudhnai,REXSTAR B. SANGMA
Independent,Assam,850,Dudhnai,STINDRO MARAK
None of the Above,Assam,1142,Dudhnai,None of the Above
Indian National Congress,Assam,61007,Goalpara West,ABDUR RASHID MANDAL
All India United Democratic Front,Assam,36668,Goalpara West,SHEIKH SHAH ALAM
Bharatiya Janata Party,Assam,32432,Goalpara West,JABEEN BARBHUIYAN
Asom Gana Parishad,Assam,1154,Goalpara West,ANOWAR HUSSAIN
SOCIALIST UNITY CENTRE OF INDIA (COMMUNIST),Assam,1016,Goalpara West,MOHIBUL ISLAM
All India Trinamool Congress,Assam,582,Goalpara West,ZESMINA KHATUN
Independent,Assam,523,Goalpara West,MIZANUR RAHMAN
Republican Party of India (A),Assam,489,Goalpara West,KHANINDRA CHANDRA NATH
Independent,Assam,480,Goalpara West,BABLI GOSWAMI CHAKRABORTY
Jai Maha Bharath Party,Assam,457,Goalpara West,ALI AKBAR
Independent,Assam,289,Goalpara West,JALI BEGUM
National People's Party,Assam,269,Goalpara West,JOYNAL ABEDIN
New All India Congress Party,Assam,252,Goalpara West,GIAS UDDIN AHMED
None of the Above,Assam,646,Goalpara West,None of the Above
Indian National Congress,Assam,57374,Goalpara East,ABUL KALAM RASHEED ALAM
Bharatiya Janata Party,Assam,54793,Goalpara East,GAURANGA PRASAD DAS
All India United Democratic Front,Assam,27778,Goalpara East,SHADEED MAZUMDER
All India United Democratic Front,Assam,56003,Jaleswar,SAHAB UDDIN AHMED
Independent,Assam,49341,Jaleswar,AFTAB UDDIN MOLLAH
Bharatiya Janata Party,Assam,11535,Jaleswar,ABDUR RAHIM ZIBRAN
Indian National Congress,Assam,6567,Jaleswar,ABUL FAZAL NASIR UDDIN MOLLAH
Bhartiya Rashtrawadi Party,Assam,1433,Jaleswar,ABDUL WAHAB SHEIKH
Independent,Assam,1355,Jaleswar,KHAIRUL ISLAM MONDAL
Independent,Assam,12138,Goalpara East,ABUL KALAM HUSSAIN
All India Trinamool Congress,Assam,7172,Goalpara East,ELBARTH MARAK
National People's Party,Assam,6710,Goalpara East,PUNAM CHAND SHARMA (LILU)
Nationalist Congress Party,Assam,971,Goalpara East,KOFIL UDDIN AHMED
Independent,Assam,770,Goalpara East,BIRMAL RAY
Bhartiya Rashtrawadi Party,Assam,592,Goalpara East,SOLEMAN ALI
Independent,Assam,495,Goalpara East,NAREN SANKAR RABHA
Republican Party of India (A),Assam,483,Goalpara East,MEHBUBAR RAHMAN
SOCIALIST UNITY CENTRE OF INDIA (COMMUNIST),Assam,761,Jaleswar,ABDUS SALAM
Independent,Assam,690,Jaleswar,INNAS ALI
None of the Above,Assam,627,Jaleswar,None of the Above
Independent,Assam,447,Goalpara East,MUJAHARUL ISLAM
SOCIALIST UNITY CENTRE OF INDIA (COMMUNIST),Assam,420,Goalpara East,ABDUL HAMID
None of the Above,Assam,1064,Goalpara East,None of the Above
Bharatiya Janata Party,Assam,56454,Sorbhog,RANJEET KUMAR DASS
Indian National Congress,Assam,36928,Sorbhog,ANURUPA HANNAN
Communist Party of India  (Marxist),Assam,29082,Sorbhog,MANORANJAN TALUKDAR
Independent,Assam,19387,Sorbhog,PRADIP DEB NATH
All India United Democratic Front,Assam,17504,Sorbhog,SAMSUL HOQUE
Independent,Assam,3755,Sorbhog,ANILANANDA PATHAK
Independent,Assam,1181,Sorbhog,HIMANGSHU BHARALI
Independent,Assam,1010,Sorbhog,MOHIDUL ISLAM
Independent,Assam,630,Sorbhog,NIRMAL KUMAR AGARWALA
The National Road Map Party of India,Assam,602,Sorbhog,IKBAL HUSSAIN
Republican Party of India (A),Assam,466,Sorbhog,MANJU SHABNAM
Jan Congress Party,Assam,435,Sorbhog,MUKTAR HUSSAIN
Bharatiya Gana Parishad,Assam,414,Sorbhog,SUBAL CH. DAS
Independent,Assam,370,Sorbhog,ABDUL HAKIM AHMED
None of the Above,Assam,1129,Sorbhog,None of the Above
All India United Democratic Front,Assam,28383,Bhabanipur,ABUL KALAM AZAD
Independent,Assam,25944,Bhabanipur,PHANIHDAR TALUKDAR
Bharatiya Janata Party,Assam,22380,Bhabanipur,MANOJ BARUAH
Independent,Assam,14500,Bhabanipur,MILAN BARO
Independent,Assam,8748,Bhabanipur,KANAK CHANDRA BARO
Indian National Congress,Assam,6620,Bhabanipur,RAJIB DAS
Rashtriya Secular Congress,Assam,921,Bhabanipur,KAZI SHAMSUL ARFIN
Independent,Assam,511,Bhabanipur,BHUPENDRA KALITA
Republican Party of India (A),Assam,447,Bhabanipur,SATYACHARAN ARJYA
Rashtriya Jankranti Party,Assam,401,Bhabanipur,ANOWAR ISLAM AKAND
Independent,Assam,378,Bhabanipur,HAIDAR ALI
Independent,Assam,341,Bhabanipur,MESER MOLLAH
None of the Above,Assam,706,Bhabanipur,None of the Above
Asom Gana Parishad,Assam,64558,Patacharkuchi,PABINDRA DEKA
Indian National Congress,Assam,12582,Patacharkuchi,SAILEN KALITA
Independent,Assam,12306,Patacharkuchi,KAMALESWAR MEDHI
Independent,Assam,8227,Patacharkuchi,MANORANJAN DAS
Independent,Assam,3134,Patacharkuchi,KARTIK DEKA
Independent,Assam,960,Patacharkuchi,BAIKUNTHA SARMA
Independent,Assam,936,Patacharkuchi,PUSPAK DUTTA
Independent,Assam,846,Patacharkuchi,NILIMA BHATTACHARJYA
None of the Above,Assam,1043,Patacharkuchi,None of the Above
Asom Gana Parishad,Assam,63563,Barpeta,GUNINDRA NATH DAS
Indian National Congress,Assam,57753,Barpeta,A.RAHIM AHMED
All India United Democratic Front,Assam,37697,Barpeta,ABDUR RAHIM KHAN
Independent,Assam,936,Barpeta,SANJAY KUMAR DAS
Republican Party of India,Assam,820,Barpeta,ATIKUR RAHMAN
Independent,Assam,774,Barpeta,FARUK KHAN
Independent,Assam,672,Barpeta,SORHAB HUSSAIN
None of the Above,Assam,937,Barpeta,None of the Above
Indian National Congress,Assam,86930,Jania,ABDUL KHALEQUE
All India United Democratic Front,Assam,57194,Jania,RAFIQUL ISLAM
Bharatiya Janata Party,Assam,6067,Jania,BENAZIR ARFAN
Communist Party of India  (Marxist),Assam,1976,Jania,MAINUL HOQUE
Rashtriya Secular Congress,Assam,769,Jania,AMIR HUSSAIN
Rashtriya Jankranti Party,Assam,506,Jania,MD. SULTAN MAHMUD
None of the Above,Assam,689,Jania,None of the Above
Indian National Congress,Assam,70062,Sarukhetri,JAKIR HUSSAIN SIKDAR
Asom Gana Parishad,Assam,45815,Sarukhetri,CHITTARANJAN BARMAN
All India United Democratic Front,Assam,21460,Sarukhetri,ALI HOSSAIN
Independent,Assam,9623,Sarukhetri,TARA PRASAD DAS
Communist Party of India  (Marxist),Assam,3626,Sarukhetri,PEARUL ISLAM AHMED
Independent,Assam,1308,Sarukhetri,HARESWAR DEKA
The National Road Map Party of India,Assam,836,Sarukhetri,MATIAR RAHMAN
Bharatiya Gana Parishad,Assam,523,Sarukhetri,HEMANTA KALITA
Rashtriya Jankranti Party,Assam,516,Sarukhetri,MD. ANOWAR ISLAM AKAND
Republican Party of India,Assam,505,Sarukhetri,JABIDUR RAHMAN KHAN
Nationalist Congress Party,Assam,442,Sarukhetri,ARUN DAS
None of the Above,Assam,776,Sarukhetri,None of the Above
Indian National Congress,Assam,73340,Baghbar,SHERMAN ALI AHMED
All India United Democratic Front,Assam,29907,Baghbar,SHEIKH ABDUL HAMID
Independent,Assam,18357,Baghbar,RAJIB AHMED
Bharatiya Janata Party,Assam,1418,Baghbar,MD. ABDUL BARIK
Janata Congress Party of Bharat Varsha,Assam,1022,Baghbar,ALTAF HUSSAIN
Bhartiya Rashtrawadi Party,Assam,868,Baghbar,JAMAL UDDIN
Indian National Congress,Assam,51882,Chenga,SUKUR ALI AHMED
All India United Democratic Front,Assam,28525,Chenga,MONOWARA KHATUN
Bharatiya Janata Party,Assam,25902,Chenga,GUNAJIT ADHIKARY
All India Trinamool Congress,Assam,2190,Chenga,SHAFIKUL HOQUE
Independent,Assam,639,Chenga,SURJYA MALLIQUE
None of the Above,Assam,667,Chenga,None of the Above
Independent,Assam,642,Baghbar,JAHIDUL ISLAM
Republican Party of India,Assam,435,Baghbar,REJAUL KARIM
All India Trinamool Congress,Assam,411,Baghbar,ALI ASGAR
None of the Above,Assam,974,Baghbar,None of the Above
Indian National Congress,Assam,69986,Boko SC,NANDITA DAS
Asom Gana Parishad,Assam,52392,Boko SC,JYOTI PRASAD DAS
All India United Democratic Front,Assam,42338,Boko SC,GOPI NATH DAS
Independent,Assam,5794,Boko SC,DR. GHANASHYAM DAS
Independent,Assam,2976,Boko SC,ANIRBAN DAS
Independent,Assam,1148,Boko SC,NITISH RANJAN DAS
None of the Above,Assam,1851,Boko SC,None of the Above
Indian National Congress,Assam,72211,Chaygaon,REKIBUDDIN AHMED
Asom Gana Parishad,Assam,64390,Chaygaon,DR. KAMALA KANTA KALITA
All India United Democratic Front,Assam,4984,Chaygaon,DERAJUDDIN AHMED
Independent,Assam,2225,Chaygaon,BECKNIUR K. MARAK
None of the Above,Assam,1601,Chaygaon,None of the Above
Bharatiya Janata Party,Assam,75210,Palasbari,SRI PRANAB KALITA
Indian National Congress,Assam,26468,Palasbari,NABAJYOTI TALUKDAR
Independent,Assam,15755,Palasbari,JATIN MALI
Independent,Assam,991,Palasbari,KUSHAL CHANDRA SARMA
Liberal Democratic Party,Assam,980,Palasbari,JURI MALI
Rashtriya Jankranti Party,Assam,467,Palasbari,PALASH JYOTI DAS
None of the Above,Assam,1564,Palasbari,None of the Above
Bharatiya Janata Party,Assam,118390,Jalukbari,HIMANTA BISWA SARMA
Indian National Congress,Assam,32455,Jalukbari,NIREN DEKA
Independent,Assam,636,Jalukbari,RAMEN CHANDRA LAHKAR
Rashtriya Jankranti Party,Assam,614,Jalukbari,AMIT BASFOR
All India Trinamool Congress,Assam,371,Jalukbari,SADEK ALI
Independent,Assam,290,Jalukbari,NABA KUMAR NATH
Bharatiya Gana Parishad,Assam,180,Jalukbari,BAPI AICH
Bhartiya Rashtrawadi Party,Assam,168,Jalukbari,MOINUL HOQUE
Republican Party of India (A),Assam,164,Jalukbari,NATHUNI  DAS
Rashtriya Pragati Party,Assam,164,Jalukbari,MAKANI BARMAN
None of the Above,Assam,1074,Jalukbari,None of the Above
Bharatiya Janata Party,Assam,127602,Gauhati East,SIDDHARTHA BHATTACHARYA
Indian National Congress,Assam,30965,Gauhati East,BOBBEETA SHARMA
Bharatiya Gana Parishad,Assam,591,Gauhati East,DR. AVIJIT CHAKRABORTY
Liberal Democratic Party,Assam,499,Gauhati East,PRODYUT KUMAR BORA
Independent,Assam,377,Gauhati East,RAKTIMAVA SWAMI
Independent,Assam,243,Gauhati East,BIPUL KUMAR TALUKDAR
Independent,Assam,196,Gauhati East,BHUPEN SARMA
Rashtriya Secular Congress,Assam,189,Gauhati East,PRADIP KUMAR DAS
The National Road Map Party of India,Assam,182,Gauhati East,SUBHASH CHANDRA GUPTA
Independent,Assam,181,Gauhati East,KAZI NEKIB AHMED
Republican Party of India (A),Assam,137,Gauhati East,PRANAB JYOTI DAS
Rashtriya Jankranti Party,Assam,129,Gauhati East,BANDANA BARMAN BARUAH
None of the Above,Assam,1288,Gauhati East,None of the Above
Asom Gana Parishad,Assam,132184,Gauhati West,RAMENDRA NARAYAN KALITA
Indian National Congress,Assam,42274,Gauhati West,DR. JURY SHARMA BORDOLOI
Independent,Assam,12397,Gauhati West,HEMANTA TALUKDAR
Independent,Assam,5838,Gauhati West,PRANAB SARMAH
All India Trinamool Congress,Assam,4269,Gauhati West,DEBA KUMAR BARMAN
Independent,Assam,1771,Gauhati West,JAYANTA BORO
The National Road Map Party of India,Assam,1741,Gauhati West,MD. JAVED HUSSAIN TANWAR
Independent,Assam,763,Gauhati West,MD. IFTAZUR RAHMAN
Bharatiya Gana Parishad,Assam,684,Gauhati West,SUBIMAL BISWAS
Lok Jan Shakti Party,Assam,613,Gauhati West,MITAN SARKAR
Shivsena,Assam,612,Gauhati West,PULAK RANJAN CHAKRABARTY
Rashtriya Pragati Party,Assam,496,Gauhati West,HASNUR ALI
Rashtriya Jankranti Party,Assam,398,Gauhati West,MANAS PRATIM DAS
Bharatiya Janata Party,Assam,55096,Hajo,SUMAN HARIPRIYA
Indian National Congress,Assam,46188,Hajo,DULU AHMED
Asom Gana Parishad,Assam,16608,Hajo,NURUL HUSSAIN
All India Trinamool Congress,Assam,6673,Hajo,DWIPEN PATHAK
All India United Democratic Front,Assam,3567,Hajo,MUJIBUR RAHMAN
None of the Above,Assam,2280,Gauhati West,None of the Above
Bharatiya Janata Party,Assam,198378,Dispur ,ATUL BORA
Indian National Congress,Assam,68181,Dispur ,AKON BORA
Communist Party of India  (Marxist),Assam,1944,Dispur ,SANGITA DAS
Independent,Assam,1756,Dispur ,HARESWAR RAHANG
Nationalist Congress Party,Assam,1259,Dispur ,PRADIP BARUAH
All India Trinamool Congress,Assam,1022,Dispur ,BIDYUT BORA
Independent,Assam,1380,Hajo,HEMANTA KALITA
Independent,Assam,1017,Hajo,RAMANI MALAKAR
National People's Party,Assam,696,Hajo,IMDADUR RAHMAN
Independent,Assam,556,Hajo,RAMEN CHANDRA LAHKAR
Independent,Assam,501,Hajo,TRIPTI KANA MAZUMDAR CHOUDHURY
Independent,Assam,369,Hajo,TAHER ALI TALUKDAR
Samajwadi Party,Assam,338,Hajo,MD. REKIBUDDIN AHMED
Rashtriya Pragati Party,Assam,301,Hajo,MAKANI BARMAN
Independent,Assam,717,Dispur ,DADHISWAR PHANGCHO
Independent,Assam,614,Dispur ,BISHNU PRASAD SARMA
Independent,Assam,551,Dispur ,GOBINDA DAS
Bhartiya Rashtrawadi Party,Assam,485,Dispur ,RIJUMONI GOGOI
Liberal Democratic Party,Assam,420,Dispur ,DR. JITENDRA KUMAR TALUKDAR
Samajwadi Party,Assam,384,Dispur ,DR. FARUK AHMED BHUYAN
Rashtriya Jankranti Party,Assam,336,Dispur ,BANDANA BARMAN BARUAH
Liberal Democratic Party,Assam,261,Hajo,MOHAN CHANDRA MALAKAR
Rashtriya Secular Congress,Assam,240,Hajo,TABIBAR RAHMAN
Independent,Assam,214,Hajo,TAIZUDDIN AHMED
None of the Above,Assam,1163,Hajo,None of the Above
Republican Party of India (A),Assam,222,Dispur ,PARAG KOCH
None of the Above,Assam,2600,Dispur ,None of the Above
Asom Gana Parishad,Assam,78170,Kamalpur,SATYABRAT KALITA
Indian National Congress,Assam,41261,Kamalpur,PRANJIT CHOUDHURY
Independent,Assam,6882,Kamalpur,MATLEBUDDIN AHMED
Independent,Assam,3400,Kamalpur,OMAR RASHID
All India Trinamool Congress,Assam,1840,Kamalpur,MADHABI DEKA
Independent,Assam,1021,Kamalpur,HARMOHAN CHANDRA RAJBONGSHI
Jai Maha Bharath Party,Assam,650,Kamalpur,RAMEN CHANDRA MAHANTA
Independent,Assam,505,Kamalpur,SAIDUR RAHMAN
Independent,Assam,441,Kamalpur,REKIBAR RAHMAN
SOCIALIST UNITY CENTRE OF INDIA (COMMUNIST),Assam,361,Kamalpur,SISIR KUMAR  KAKATI
None of the Above,Assam,939,Kamalpur,None of the Above
Bharatiya Janata Party,Assam,58353,Rangia,BHABESH KALITA
Indian National Congress,Assam,26286,Rangia,GHANASHYAM KALITA
Independent,Assam,17772,Rangia,MRINAL DEKA
All India United Democratic Front,Assam,14411,Rangia,ABDUL SAMAD CHOUDHURY
Communist Party of India  (Marxist),Assam,12261,Rangia,ANANTA DEKA
Independent,Assam,5358,Rangia,THANESWAR BORO
Independent,Assam,4472,Rangia,SAMSUL HAQUE
Independent,Assam,1230,Rangia,PABITRA BARO
Independent,Assam,1066,Rangia,RAJIB KAKOTI
Independent,Assam,616,Rangia,BISWAJIT BRAHMA
Independent,Assam,570,Rangia,BABUL BARO
None of the Above,Assam,892,Rangia,None of the Above
Bodoland Peoples Front,Assam,63031,Tamulpur,EMMANUEL MOSAHARY
Indian National Congress,Assam,43084,Tamulpur,RABINDRA BISWAS
Independent,Assam,21704,Tamulpur,CHANDI BASUMATARY
Independent,Assam,5331,Tamulpur,JAMIR UDDIN AHMED
Independent,Assam,3532,Tamulpur,GIRISH CHANDRA MAHANTA
Independent,Assam,3120,Tamulpur,MANDAL BASKEY
Independent,Assam,1697,Tamulpur,HIRANYA CHOUDHURY
Liberal Democratic Party,Assam,1527,Tamulpur,DERHAGRA MOCHAHARY
Republican Party of India (A),Assam,1339,Tamulpur,RANJIT KR BISWAS
None of the Above,Assam,2674,Tamulpur,None of the Above
Bharatiya Janata Party,Assam,99131,Nalbari,ASHOK SARMA
Indian National Congress,Assam,46087,Nalbari,PRADYUT KUMAR BHUYAN
Independent,Assam,3608,Nalbari,KHURSHID ALAM
Independent,Assam,3028,Nalbari,SHRISTI SARMA
Communist Party of India  (Marxist),Assam,1676,Nalbari,MAHESWAR DUTTA
Independent,Assam,698,Nalbari,HARINARAYAN DAS
Independent,Assam,611,Nalbari,JYOTIRMAY GOSWAMI
Independent,Assam,398,Nalbari,MAHARISHI PARASAR CHAKRAVARTY
Independent,Assam,271,Nalbari,GOPI BARUAH
Janata Dal  (United),Assam,229,Nalbari,JITEN KALITA
SOCIALIST UNITY CENTRE OF INDIA (COMMUNIST),Assam,222,Nalbari,MUNINDRA DOLEY
None of the Above,Assam,1576,Nalbari,None of the Above
Bharatiya Janata Party,Assam,69223,Barkhetry,NARAYAN DEKA
Indian National Congress,Assam,60610,Barkhetry,DIGANTA BARMAN
All India United Democratic Front,Assam,9950,Barkhetry,MD. AKRAM HUSSAIN TALUKDAR
Independent,Assam,2316,Barkhetry,KAMALESH DEKA
All India Trinamool Congress,Assam,874,Barkhetry,RAAJU BARMAN
Jai Maha Bharath Party,Assam,670,Barkhetry,DEEPAK KALITA
Independent,Assam,551,Barkhetry,BHUPEN TALUKDAR
Independent,Assam,475,Barkhetry,MANOMATI DAS
Independent,Assam,382,Barkhetry,BIPUL GOSWAMI
Independent,Assam,368,Barkhetry,MANTU BARUAH
Independent,Assam,347,Barkhetry,RAJU DEKA
Liberal Democratic Party,Assam,255,Barkhetry,BHUMIDHAR BARMAN
None of the Above,Assam,782,Barkhetry,None of the Above
Bharatiya Janata Party,Assam,70503,Dharmapur,CHANDRA MOHAN PATOWARY
Indian National Congress,Assam,36560,Dharmapur,NILAMANI SEN DEKA
Independent,Assam,2194,Dharmapur,DIPAK BARMAN
Rashtriya Jankranti Party,Assam,699,Dharmapur,SANKAR TALUKDAR
None of the Above,Assam,988,Dharmapur,None of the Above
Bodoland Peoples Front,Assam,45289,Barama,MANESWAR BRAHMA
Independent,Assam,35493,Barama,REKHA RANI DAS BORO
Independent,Assam,20870,Barama,KATI RAM BARO
Indian National Congress,Assam,14373,Barama,PANI RAM RABHA
Independent,Assam,1484,Barama,BHUPEN DAS
None of the Above,Assam,1977,Barama,None of the Above
Bodoland Peoples Front,Assam,43250,Chapaguri,THANESWAR BASUMATARY
Independent,Assam,41769,Chapaguri,SUJAN DAS
Independent,Assam,27342,Chapaguri,HITESH BASUMATARY
None of the Above,Assam,2058,Chapaguri,None of the Above
Bodoland Peoples Front,Assam,38668,Panery,KAMALI BASUMATARI
Independent,Assam,22866,Panery,NANDA RAM BARO
Indian National Congress,Assam,19089,Panery,DURGADAS BORO
Independent,Assam,12812,Panery,PRABHAT DAS PANIKA
Independent,Assam,3644,Panery,SUDHENDU MOHAN TALUKDAR
Independent,Assam,3276,Panery,BIKAN CHANDRA DEKA
Independent,Assam,1978,Panery,MAHESH CHANDRA SARMA
Independent,Assam,1489,Panery,DINA NATH DAS
SOCIALIST UNITY CENTRE OF INDIA (COMMUNIST),Assam,1364,Panery,SWARNALATA CHALIHA
None of the Above,Assam,2427,Panery,None of the Above
Bodoland Peoples Front,Assam,47206,Kalaigaon,MAHESWAR BARO
All India United Democratic Front,Assam,29585,Kalaigaon,NATHU RAM BORO
Asom Gana Parishad,Assam,24287,Kalaigaon,MUKUNDA RAM CHOUDHURY
Independent,Assam,11344,Kalaigaon,BABUL BASUMATARY
Indian National Congress,Assam,10367,Kalaigaon,INDRAJIT KUMAR SAIKIA
Bharatiya Gana Parishad,Assam,2238,Kalaigaon,SUDHENDU MOHAN TALUKDAR
Independent,Assam,1411,Kalaigaon,BRAJEN MAHANTA
Independent,Assam,1140,Kalaigaon,RADHE SHYAM CHAUHAN
Independent,Assam,783,Kalaigaon,BIJOY DAS
New All India Congress Party,Assam,708,Kalaigaon,AROON BAROOA
Independent,Assam,634,Kalaigaon,DR. NAYAN MANI BHAGAWATI
Lok Jan Shakti Party,Assam,594,Kalaigaon,SUSHIL KUMAR SARMA
SOCIALIST UNITY CENTRE OF INDIA (COMMUNIST),Assam,531,Kalaigaon,JITENDRA CHALIHA
Independent,Assam,484,Kalaigaon,GOPAL SARKAR
Independent,Assam,305,Kalaigaon,ABDUL SABUR
None of the Above,Assam,1199,Kalaigaon,None of the Above
Bharatiya Janata Party,Assam,65487,Sipajhar,BINANDA KUMAR SAIKIA
Indian National Congress,Assam,53312,Sipajhar,DR ZOII NATH SARMAH
Independent,Assam,10818,Sipajhar,JAYANTA SAHARIA
All India United Democratic Front,Assam,2476,Sipajhar,SYED ABDULLAH
Republican Party of India (A),Assam,1033,Sipajhar,TRIDIB SARMA
Independent,Assam,793,Sipajhar,REJAUL HOQUE
Independent,Assam,780,Sipajhar,SARAT CHANDRA SARMA
Lok Jan Shakti Party,Assam,351,Sipajhar,THANESWAR DAS
Independent,Assam,339,Sipajhar,UMESH BANIA
SOCIALIST UNITY CENTRE OF INDIA (COMMUNIST),Assam,242,Sipajhar,PAHESWARI BARUA
Independent,Assam,171,Sipajhar,AMIYA KUMAR DEKA
None of the Above,Assam,953,Sipajhar,None of the Above
Bharatiya Janata Party,Assam,73423,Mangaldoi,GURUJYOTI DAS
Indian National Congress,Assam,51378,Mangaldoi,BASANTA DAS
All India United Democratic Front,Assam,48417,Mangaldoi,HIREN KR DAS
Independent,Assam,953,Mangaldoi,JITENDRA SARKAR
Lok Jan Shakti Party,Assam,874,Mangaldoi,BHUPEN CH. DAS
Independent,Assam,841,Mangaldoi,ARJUN CH. DAS
Independent,Assam,466,Mangaldoi,JAGADISH CHANDRA SARKAR
None of the Above,Assam,1384,Mangaldoi,None of the Above
Indian National Congress,Assam,76607,Dalgaon,ILIAS ALI
All India United Democratic Front,Assam,74287,Dalgaon,MAZIBUR RAHMAN
Asom Gana Parishad,Assam,24714,Dalgaon,HABIBAR RAHMAN
Independent,Assam,1016,Dalgaon,SARIFUDDIN AHMED
Independent,Assam,926,Dalgaon,ABDUR RAHIM
Independent,Assam,900,Dalgaon,MUSTAFA FAROOK AHMED
Lok Jan Shakti Party,Assam,707,Dalgaon,AHMED ALI
None of the Above,Assam,1165,Dalgaon,None of the Above
Bodoland Peoples Front,Assam,48351,Majbat,CHARAN BORO
All India United Democratic Front,Assam,22133,Majbat,TEHARU GOUR
Indian National Congress,Assam,20577,Majbat,RAPHAEL KUJUR
Independent,Assam,8763,Majbat,RABINDRA BASUMATARY
Independent,Assam,2841,Majbat,SAPNA DAIMARY
Independent,Assam,2117,Majbat,GIRISH CHANDRA CHAUDHURY
Independent,Assam,1906,Majbat,SUNIL SARKAR
Lok Jan Shakti Party,Assam,1276,Majbat,BALDEV CHOUHAN
Independent,Assam,1007,Majbat,LAL SOREN
Independent,Assam,707,Majbat,MANOJ KUMAR TAMULI
Independent,Assam,380,Majbat,ABUL QUASIM
None of the Above,Assam,1974,Majbat,None of the Above
Bharatiya Janata Party,Assam,71425,Dhekiajuli,ASHOK  SINGHAL
Indian National Congress,Assam,36430,Dhekiajuli,HABUL CHAKRABORTY
All India United Democratic Front,Assam,16690,Dhekiajuli,DHANIRAM RAJOWAR
Independent,Assam,8142,Dhekiajuli,BENUDHAR NATH
Independent,Assam,2972,Dhekiajuli,RANJAY BASUMATARY
Independent,Assam,2164,Dhekiajuli,JAHIRUL ISLAM
Independent,Assam,1603,Dhekiajuli,SATRUGHNA SASONI
Independent,Assam,1159,Dhekiajuli,MOHAN CH NAG
Independent,Assam,1127,Dhekiajuli,MANORANJAN DAIMARI
None of the Above,Assam,2368,Dhekiajuli,None of the Above
Bharatiya Janata Party,Assam,53912,Barchalla,GANESH KUMAR LIMBU
Indian National Congress,Assam,30230,Barchalla,TANKA BAHADUR RAI
All India United Democratic Front,Assam,23821,Barchalla,BINA DAIMARI
Independent,Assam,8847,Barchalla,NARAYAN SARMAH
Independent,Assam,1216,Barchalla,BIPHAI MINJ
None of the Above,Assam,1778,Barchalla,None of the Above
Bodoland Peoples Front,Assam,45037,Udalguri,RIHON DAIMARI
Independent,Assam,20663,Udalguri,ANJALI PRABHA DAIMARI
Independent,Assam,20204,Udalguri,DILIP KR. BARO
Indian National Congress,Assam,16343,Udalguri,JAMAN SINGH BRAHMA
Independent,Assam,3624,Udalguri,BIPUL NARZARY
Independent,Assam,1668,Udalguri,SANTOSH MADAHI
None of the Above,Assam,2456,Udalguri,None of the Above
Asom Gana Parishad,Assam,71170,Tezpur,BRINDABAN GOSWAMI
Indian National Congress,Assam,36507,Tezpur,HIRANYA BHUYAN
All India United Democratic Front,Assam,22295,Tezpur,SUKENDRA NATH
Independent,Assam,1096,Tezpur,BIZIT SAIKIA
SOCIALIST UNITY CENTRE OF INDIA (COMMUNIST),Assam,855,Tezpur,NAYAN MONI CHOUDHURY
Independent,Assam,742,Tezpur,BHABANANDA DEKA
Jai Maha Bharath Party,Assam,662,Tezpur,SUJIT SARMA
Nationalist Congress Party,Assam,569,Tezpur,MAHENDRA BHUYAN
None of the Above,Assam,1514,Tezpur,None of the Above
Bharatiya Janata Party,Assam,51597,Rangapara,PALLAB LOCHAN DAS
Indian National Congress,Assam,28606,Rangapara,BHIMANANDA TANTI
All India United Democratic Front,Assam,13281,Rangapara,BIJOY KUMAR TIRU
Communist Party of India  (Marxist),Assam,8033,Rangapara,ROYAL SORENG
Independent,Assam,6415,Rangapara,CHRISTOPHER DHANWAR
Independent,Assam,3438,Rangapara,ABHIJIT HAZARIKA
Independent,Assam,1362,Rangapara,JITENDRA KUMAR SHARMA
Independent,Assam,1255,Rangapara,MITHU MALAKAR
Independent,Assam,687,Rangapara,ABBAS KHAN
Independent,Assam,490,Rangapara,ARCHANA PAUL CHOUDHURY
None of the Above,Assam,2321,Rangapara,None of the Above
Bharatiya Janata Party,Assam,60440,Sootea,PADMA HAZARIKA
Indian National Congress,Assam,58622,Sootea,PRANESWAR BASUMATARY
Communist Party of India  (Marxist),Assam,4914,Sootea,KHEMRAJ CHETRY
Independent,Assam,2484,Sootea,JYOTI SUBBA
Independent,Assam,2112,Sootea,MAHENDRA URANG
Independent,Assam,1189,Sootea,ARUN NATH
None of the Above,Assam,1941,Sootea,None of the Above
Bharatiya Janata Party,Assam,64225,Biswanath,PROMOD BORTHAKUR
Indian National Congress,Assam,54105,Biswanath,NURJAMAL SARKAR
Janata Dal  (United),Assam,2056,Biswanath,GOPI CHAND SHAHABADI
None of the Above,Assam,2341,Biswanath,None of the Above
Bharatiya Janata Party,Assam,52152,Behali,RANJIT DUTTA
Indian National Congress,Assam,28551,Behali,RUPAK SARMA
Communist Party of India  (Marxist-Leninist)  (Liberation),Assam,8025,Behali,BIBEK DAS
Independent,Assam,1573,Behali,ZULFIKAR HUSSAIN
None of the Above,Assam,2495,Behali,None of the Above
Bharatiya Janata Party,Assam,85424,Gohpur,UTPAL BORAH
Indian National Congress,Assam,56489,Gohpur,MONIKA BORA
Communist Party of India  (Marxist-Leninist)  (Liberation),Assam,1189,Gohpur,HALAN PURTTI
Independent,Assam,967,Gohpur,SABIR NARZARY
Independent,Assam,928,Gohpur,DEBEN SAIKIA
None of the Above,Assam,1621,Gohpur,None of the Above
Bharatiya Janata Party,Assam,94550,Jagiroad,SHRI PIJUSH HAZARIKA
Indian National Congress,Assam,66224,Jagiroad,SHRI BIBEKANANDA DALAI
All India United Democratic Front,Assam,7192,Jagiroad,SHRI PUTUL DAS
All India Trinamool Congress,Assam,1357,Jagiroad,SHRI DILIP DAS
Bharatiya Gana Parishad,Assam,576,Jagiroad,SHRI SUKANTA MAZUMDAR
Independent,Assam,523,Jagiroad,SMT. MAMANI DAS
Liberal Democratic Party,Assam,401,Jagiroad,SHRI SURJYA KUMAR DAS
None of the Above,Assam,1142,Jagiroad,None of the Above
Bharatiya Janata Party,Assam,80669,Marigaon,RAMA KANTA DEWRI
Indian National Congress,Assam,51046,Marigaon,JONJONALI BARUAH
Communist Party of India,Assam,3526,Marigaon,SHRI MUNIN MAHANTA
Independent,Assam,2441,Marigaon,SRI LACHIT CH MEDHI
Independent,Assam,1403,Marigaon,SHRI RAMEN NATH
Independent,Assam,920,Marigaon,KHAIRUN NESSA
Independent,Assam,417,Marigaon,DR. DHIREN CHANDRA NATH
None of the Above,Assam,870,Marigaon,None of the Above
Indian National Congress,Assam,57904,Laharighat,DR. NAZRUL ISLAM
All India United Democratic Front,Assam,52098,Laharighat,SIDDIQUE AHMED
Asom Gana Parishad,Assam,25692,Laharighat,SHRI JADUMONI PATAR
Independent,Assam,1752,Laharighat,SHRI RABINDRA NATH BISWAS
Independent,Assam,1494,Laharighat,SHRI RANJIT KUMAR DEKA
None of the Above,Assam,930,Laharighat,None of the Above
Bharatiya Janata Party,Assam,76941,Raha,DIMBESWAR DAS
Indian National Congress,Assam,43867,Raha,SASHI KANTA DAS
All India United Democratic Front,Assam,38767,Raha,GUNESWAR DAS
None of the Above,Assam,2052,Raha,None of the Above
All India United Democratic Front,Assam,82786,Dhing,AMINUL ISLAM
Indian National Congress,Assam,58233,Dhing,ANWAR HUSSAIN
Independent,Assam,17807,Dhing,MUZIBUR RAHMAN
Bharatiya Janata Party,Assam,8958,Dhing,MUKUT KUMAR DEBNATH
Independent,Assam,1004,Dhing,MUBARAK ALI PATHAN
Independent,Assam,843,Dhing,MAINUL HOQUE
Jai Maha Bharath Party,Assam,823,Dhing,RAJANI KANTA NATH
Revolutionary Communist Party of India  (Rasik Bhatt),Assam,737,Dhing,JAMANUR RAHMAN
All India Trinamool Congress,Assam,710,Dhing,JEHIRUL ISLAM
None of the Above,Assam,1358,Dhing,None of the Above
Bharatiya Janata Party,Assam,46343,Batadroba,ANGOORLATA DEKA
Indian National Congress,Assam,40458,Batadroba,GAUTAM BORA
All India United Democratic Front,Assam,33022,Batadroba,NAJIR UDDIN AHMED
Independent,Assam,830,Batadroba,RAJASREE BORA
Communist Party of India  (Marxist-Leninist)  (Liberation),Assam,559,Batadroba,ARUP KUMAR MAHANTA
Independent,Assam,551,Batadroba,MUKUL BORAH
Bharat Vikas Morcha,Assam,434,Batadroba,PABAN PRAN RABI DAS
Independent,Assam,237,Batadroba,DILWAR AHMED
None of the Above,Assam,792,Batadroba,None of the Above
Bharatiya Janata Party,Assam,66706,Nowgong,RUPAK SARMAH
Indian National Congress,Assam,53442,Nowgong,DR. DURLAV CHAMUA
All India United Democratic Front,Assam,18038,Nowgong,KARTICK SAHA
Akhil Bharat Hindu Mahasabha,Assam,491,Nowgong,BIREN CHANDRA DAS
Independent,Assam,376,Nowgong,SHANTANA MAHATO
Indian National Congress,Assam,72627,Rupohihat,NURUL HUDA
All India United Democratic Front,Assam,50783,Rupohihat,NURUL AMIN CHOWDHURY
Bharatiya Janata Party,Assam,15963,Rupohihat,JAKARIA HAQUE CHOUDHURY
Independent,Assam,9671,Rupohihat,ABDUL AZIZ
Jan Congress Party,Assam,1019,Rupohihat,ABU  HANIFA
Independent,Assam,901,Rupohihat,FAIZUR RAHMAN
Independent,Assam,322,Nowgong,JESMIN AHMED
All India Trinamool Congress,Assam,268,Nowgong,MIHIR PAUL
Independent,Assam,230,Nowgong,ANSER ALI ALOM
None of the Above,Assam,782,Nowgong,None of the Above
Independent,Assam,709,Rupohihat,BIJU BORO
Independent,Assam,419,Rupohihat,NAZIR HUSSAIN
None of the Above,Assam,803,Rupohihat,None of the Above
Asom Gana Parishad,Assam,65768,Barhampur,SRI PRAFULLA KUMAR MAHANTA
Indian National Congress,Assam,60599,Barhampur,SURESH BORA
All India United Democratic Front,Assam,2787,Barhampur,SHARIFUL ISLAM SIDDIQUE
Communist Party of India,Assam,1687,Barhampur,LAKHAN CH.MIRDHA
Independent,Assam,1184,Barhampur,PRAHLAD CHANDRA BHUYAN
Rashtriya Jankranti Party,Assam,754,Barhampur,ABIDA BEGUM
Forward Democratic Labour Party,Assam,607,Barhampur,PAWAN PANIKA
Independent,Assam,480,Barhampur,ABDUL ALI
Independent,Assam,461,Barhampur,DEBABRATA SAIKIA
SOCIALIST UNITY CENTRE OF INDIA (COMMUNIST),Assam,284,Barhampur,SONA RAM BORA
None of the Above,Assam,1179,Barhampur,None of the Above
Indian National Congress,Assam,66364,Samaguri,RAKIBUL HUSSAIN
Bharatiya Janata Party,Assam,51849,Samaguri,JITU GOSWAMI
All India United Democratic Front,Assam,6726,Samaguri,MOSKUR RAHMAN CHOUDHURY
Independent,Assam,1282,Samaguri,SRI CHITTA RANJAN PAUL
Independent,Assam,562,Samaguri,PRADIP KALITA
None of the Above,Assam,968,Samaguri,None of the Above
Asom Gana Parishad,Assam,64759,Kaliabor,KESHAB MAHANTA
Indian National Congress,Assam,26769,Kaliabor,BINDU GANJU
All India United Democratic Front,Assam,3682,Kaliabor,BOLORAM NAG
Independent,Assam,2325,Kaliabor,BIJAY KUMAR CHAMARIA
Communist Party of India,Assam,2063,Kaliabor,PROMODE BHUYAN
Independent,Assam,1016,Kaliabor,JAYANTA ORANG
Liberal Democratic Party,Assam,870,Kaliabor,BHUPEN CHANDRA BORAH
Independent,Assam,794,Kaliabor,BHASKAR SHARMA
Bharat Vikas Morcha,Assam,503,Kaliabor,BIREN MIRDHA
None of the Above,Assam,1626,Kaliabor,None of the Above
All India United Democratic Front,Assam,65599,Jamunamukh,ABDUR RAHIM AJMAL
Independent,Assam,52394,Jamunamukh,REJAUL KARIM CHOWDHURY
Indian National Congress,Assam,23849,Jamunamukh,BASHIR UDDIN LASKAR
Asom Gana Parishad,Assam,4732,Jamunamukh,ZIA UDDIN AHMED
Independent,Assam,1956,Jamunamukh,BADAR UDDIN
Independent,Assam,904,Jamunamukh,ABDUL WAHID
Independent,Assam,756,Jamunamukh,SHAMAL DAS
Independent,Assam,653,Jamunamukh,SUMITRA BORAH
Independent,Assam,611,Jamunamukh,JUGAL BODO (DILU)
Jan Congress Party,Assam,489,Jamunamukh,NURUL HOQUE
Jai Maha Bharath Party,Assam,309,Jamunamukh,SUNTI BORA
Independent,Assam,266,Jamunamukh,MINAZ UDDIN
Independent,Assam,233,Jamunamukh,BASIR UDDIN
Independent,Assam,208,Jamunamukh,KAMAL UDDIN
None of the Above,Assam,1129,Jamunamukh,None of the Above
Bharatiya Janata Party,Assam,105615,Hojai,SHILADITYA DEV
All India United Democratic Front,Assam,49756,Hojai,DHANIRAM THOUSEN
Indian National Congress,Assam,35207,Hojai,ARDHENDU KUMAR DEY
Independent,Assam,1432,Hojai,MD ZAKIR HUSSAIN
Independent,Assam,795,Hojai,MAINUL HOQUE
None of the Above,Assam,1342,Hojai,None of the Above
Bharatiya Janata Party,Assam,72072,Lumding,SIBU MISRA
Indian National Congress,Assam,41672,Lumding,NETRA RANJAN MAHANTA
All India United Democratic Front,Assam,39075,Lumding,SWAPAN KAR
Independent,Assam,1109,Lumding,UJJAL DEB
Jan Congress Party,Assam,746,Lumding,KAMRUL ISLAM  BARBHUYAN
Independent,Assam,618,Lumding,KAMAL PATAR
None of the Above,Assam,1232,Lumding,None of the Above
Asom Gana Parishad,Assam,62962,Bokakhat,ATUL BORA
Indian National Congress,Assam,22769,Bokakhat,ARUN PHUKAN
Independent,Assam,11872,Bokakhat,ANIMA GOGOI
Independent,Assam,3414,Bokakhat,REBA KANTA GOGOI
Independent,Assam,1351,Bokakhat,BIJOY KUTUM
Independent,Assam,905,Bokakhat,MRITYUNJOY PEGU
None of the Above,Assam,2181,Bokakhat,None of the Above
Indian National Congress,Assam,67150,Sarupathar,ROSELINA TIRKEY
Asom Gana Parishad,Assam,64223,Sarupathar,BINOD GOWALLA
Independent,Assam,37281,Sarupathar,BISWAJIT PHUKAN
All India United Democratic Front,Assam,7596,Sarupathar,SATYA DEV SAHU
Independent,Assam,4058,Sarupathar,BHADRESWAR TANTI
Independent,Assam,1554,Sarupathar,RUHIT BASUMATARY
Independent,Assam,1189,Sarupathar,DIPU SAIKIA
None of the Above,Assam,3212,Sarupathar,None of the Above
Indian National Congress,Assam,73862,Golaghat,AJANTA NEOG
Bharatiya Janata Party,Assam,68649,Golaghat,BITUPAN SAIKIA
All India United Democratic Front,Assam,1804,Golaghat,SYED JAHID ABDULLAH
Independent,Assam,1193,Golaghat,DIPANKAR DAS
None of the Above,Assam,1717,Golaghat,None of the Above
Bharatiya Janata Party,Assam,57637,Khumtai,MRINAL SAIKIA
Indian National Congress,Assam,40763,Khumtai,BISMITA GOGOI
Communist Party of India,Assam,2005,Khumtai,LALAN THAKUR
All India United Democratic Front,Assam,1763,Khumtai,SAHJAHAN ALI
Independent,Assam,813,Khumtai,HEMANTA DOLOI
None of the Above,Assam,1286,Khumtai,None of the Above
Asom Gana Parishad,Assam,63079,Dergaon,BHABENDRA NATH BHARALI
Indian National Congress,Assam,46807,Dergaon,AROTI HAZARIKA KACHARI
Independent,Assam,3622,Dergaon,RITA DAS
Independent,Assam,3225,Dergaon,BHUBAN CHANDRA SAIKIA
Nationalist Congress Party,Assam,1828,Dergaon,AJIT HAZARIKA
None of the Above,Assam,2050,Dergaon,None of the Above
Bharatiya Janata Party,Assam,69209,Jorhat,HITENDRA NATH GOSWAMI
Indian National Congress,Assam,55571,Jorhat,RANA GOSWAMI
Communist Party of India  (Marxist),Assam,1548,Jorhat,NIRMAL CHANDRA GOGOI
Liberal Democratic Party,Assam,1372,Jorhat,PRODYUT KUMAR BORA
All India United Democratic Front,Assam,842,Jorhat,SANJEEV RAJKHOWA
Independent,Assam,635,Jorhat,BHASKAR JYOTI MAHANTA
Independent,Assam,448,Jorhat,JIBON CHANDRA SARMAH
None of the Above,Assam,1184,Jorhat,None of the Above
Bharatiya Janata Party,Assam,49602,Majuli,SARBANANDA SONOWAL
Indian National Congress,Assam,30679,Majuli,RAJIB LOCHAN PEGU
Independent,Assam,15695,Majuli,RANJIT DOLEY
SOCIALIST UNITY CENTRE OF INDIA (COMMUNIST),Assam,798,Majuli,HEMANTA PEGU
None of the Above,Assam,987,Majuli,None of the Above
Indian National Congress,Assam,62025,Titabar,TARUN GOGOI
Bharatiya Janata Party,Assam,44530,Titabar,KAMAKHYA PRASAD TASA
Communist Party of India,Assam,2413,Titabar,KULA DAS
Bharat Vikas Morcha,Assam,1332,Titabar,BIREN GOGOI
Independent,Assam,763,Titabar,DILIP GOGOI
Independent,Assam,715,Titabar,SMRITIREKHA SHYAM
None of the Above,Assam,1726,Titabar,None of the Above
Indian National Congress,Assam,36701,Mariani,RUPJYOTI KURMI
Nationalist Congress Party,Assam,34908,Mariani,ALOK KUMAR GHOSH
Bharatiya Janata Party,Assam,14602,Mariani,DULEN NAYAK
Independent,Assam,1954,Mariani,JINTU HAZARIKA
Independent,Assam,770,Mariani,DIGANTA PHUKAN
None of the Above,Assam,1613,Mariani,None of the Above
Asom Gana Parishad,Assam,40928,Teok,RENUPOMA RAJKHOWA
Indian National Congress,Assam,35879,Teok,PALLABI SAIKIA GOGOI
Independent,Assam,3923,Teok,GOJANAND MUNDA
Independent,Assam,3645,Teok,BUBUL DUTTA
Independent,Assam,3270,Teok,MOHENDRA KUMAR GOGOI
Communist Party of India  (Marxist-Leninist)  (Liberation),Assam,1611,Teok,JITEN TANTI
Asom Gana Parishad,Assam,42010,Amguri,PRODIP HAZARIKA
Indian National Congress,Assam,40390,Amguri,ANGKITA DUTTA
Independent,Assam,5498,Amguri,DULAL BARUAH
Independent,Assam,3420,Amguri,JANARDAN HAZARIKA
Independent,Assam,1053,Amguri,DILRAM KARMAKAR
All India United Democratic Front,Assam,873,Amguri,GAYATRI BORAH KALITA
Independent,Assam,1441,Teok,RANJAN JYOTI PHUKON
Independent,Assam,1088,Teok,CHIRANJIT BORAH
Independent,Assam,811,Teok,KRISHNAA GOGOI
Independent,Assam,753,Teok,ASHRAF HUSSAIN
Independent,Assam,527,Teok,JOTIN SAIKIA
None of the Above,Assam,1570,Teok,None of the Above
All India Forward Bloc,Assam,699,Amguri,RAJKUMAR DOWARAH
Independent,Assam,672,Amguri,ANWAR HUSSAIN
None of the Above,Assam,1399,Amguri,None of the Above
Indian National Congress,Assam,52869,Nazira,DEBABRATA SAIKIA
Bharatiya Janata Party,Assam,38014,Nazira,PROHLAD GOWALA
Communist Party of India,Assam,4507,Nazira,KANAK GOGOI
Independent,Assam,1501,Nazira,RIBULAYA GOGOI
None of the Above,Assam,1430,Nazira,None of the Above
Bharatiya Janata Party,Assam,49036,Mahmara,JOGEN MOHAN
Indian National Congress,Assam,34711,Mahmara,SURUJ DEHINGIA
Asom Gana Parishad,Assam,9316,Mahmara,HIRANYA KUMAR KONWAR
Independent,Assam,2194,Mahmara,HEMEN PEGU
Bharat Vikas Morcha,Assam,1178,Mahmara,BALDEV TELI
Independent,Assam,1140,Mahmara,PRASUN RAJKONWAR
Jan Congress Party,Assam,872,Mahmara,SUNIT KUMAR MAHANTA
Nationalist Congress Party,Assam,812,Mahmara,RAJEN GOGOI
Liberal Democratic Party,Assam,744,Mahmara,KALI BORUAH
Independent,Assam,731,Mahmara,DIBYA BURAGOHAIN GOGOI
Revolutionary Communist Party of India  (Rasik Bhatt),Assam,448,Mahmara,NITYANANDA GOGOI
Rashtriya Jankranti Party,Assam,251,Mahmara,GIRISH PHUKON
None of the Above,Assam,1795,Mahmara,None of the Above
Bharatiya Janata Party,Assam,73327,Sonari,TOPON KUMAR GOGOI
Indian National Congress,Assam,49210,Sonari,SARAT BARKATAKY
Independent,Assam,1579,Sonari,RATAN HEMROM
Janata Dal  (United),Assam,1330,Sonari,ANUP BHOWMIK
Bharat Vikas Morcha,Assam,1254,Sonari,BISHNU KOYA
Jan Congress Party,Assam,770,Sonari,RAYMOND KUJUR
Liberal Democratic Party,Assam,732,Sonari,MONIL BOKALIAL
None of the Above,Assam,3144,Sonari,None of the Above
Bharatiya Janata Party,Assam,41560,Thowra,KUSHAL DOWARI
Indian National Congress,Assam,40334,Thowra,SUSHANTA BORGOHAIN
Communist Party of India,Assam,2066,Thowra,KUSHAL BORGOHAIN
None of the Above,Assam,1876,Thowra,None of the Above
Indian National Congress,Assam,48584,Sibsagar,PRANAB KUMAR GOGOI
Bharatiya Janata Party,Assam,48042,Sibsagar,SURABHI RAJKONWAR
Independent,Assam,10188,Sibsagar,ASHINI KUMAR CHETIA
Communist Party of India,Assam,2174,Sibsagar,JITEN BORPATRA GOHAIN
Independent,Assam,1506,Sibsagar,JAYANTA RAJKONWAR
Independent,Assam,722,Sibsagar,ANWAR HUSSAIN
All India United Democratic Front,Assam,663,Sibsagar,DILSHAD HUSSAIN AHMED
Liberal Democratic Party,Assam,559,Sibsagar,DR. GUNIN BASUMATARI
None of the Above,Assam,893,Sibsagar,None of the Above
All India United Democratic Front,Assam,56003,Naoboicha,MAMUN IMDADUL HAQUE CHAWDHURY
Bharatiya Janata Party,Assam,54770,Naoboicha,RAO GAJENDRA SINGH
Indian National Congress,Assam,33862,Naoboicha,SANJAY RAJ SUBBA
Asom Gana Parishad,Assam,8070,Naoboicha,JAYANTA KHAUND
Independent,Assam,2787,Naoboicha,SIMANTA BORUAH
Independent,Assam,2481,Naoboicha,PAWAN MAJHI SAUTAL
Independent,Assam,827,Naoboicha,SAHEBA AHMED
SOCIALIST UNITY CENTRE OF INDIA (COMMUNIST),Assam,737,Naoboicha,ANUPAM CHUTIA
Independent,Assam,640,Naoboicha,DR. DEBABRAT GOGOI
Independent,Assam,512,Naoboicha,SOFIQUL ISLAM
Bharatiya Janata Party,Assam,66563,Bihpuria,DEBANANDA HAZARIKA
Indian National Congress,Assam,40376,Bihpuria,BHUPEN KUMAR BORAH
Independent,Assam,754,Bihpuria,PREMADHAR BORAH
Rashtriya Secular Congress,Assam,693,Bihpuria,SUNDER DEURI
Independent,Assam,474,Bihpuria,GARGI DEORI
None of the Above,Assam,834,Bihpuria,None of the Above
Independent,Assam,371,Naoboicha,DILWAR HUSSAIN
None of the Above,Assam,1176,Naoboicha,None of the Above
Asom Gana Parishad,Assam,45917,Lakhimpur,UTPAL DUTTA
Indian National Congress,Assam,41762,Lakhimpur,JOY PRAKASH DAS
Independent,Assam,23493,Lakhimpur,GHANA BURAGOHAIN
Independent,Assam,11272,Lakhimpur,MAHIM HAZARIKA
Independent,Assam,4750,Lakhimpur,UDAY SHANKAR HAZARIKA
All India United Democratic Front,Assam,1313,Lakhimpur,DIPAK CHETIA
Communist Party of India,Assam,1313,Lakhimpur,ARUP KALITA
Independent,Assam,1092,Lakhimpur,MINAKHI GOHAIN BARUAH
Independent,Assam,861,Lakhimpur,HIRA GOGOI
Independent,Assam,730,Lakhimpur,FAZLUR RAHMAN
Independent,Assam,662,Lakhimpur,DILIP DUTTA
Independent,Assam,640,Lakhimpur,NANDA KISHORE MAHESWARI
Independent,Assam,481,Lakhimpur,MAHIM KONWAR
SOCIALIST UNITY CENTRE OF INDIA (COMMUNIST),Assam,344,Lakhimpur,BIRINCHI PEGU
None of the Above,Assam,888,Lakhimpur,None of the Above
Bharatiya Janata Party,Assam,81556,Dhakuakhana,NABA KUMAR DOLEY
Indian National Congress,Assam,57014,Dhakuakhana,BHARAT CHANDRA NARAH
Communist Party of India  (Marxist),Assam,2270,Dhakuakhana,LAKHI NATH SONOWAL
Independent,Assam,2032,Dhakuakhana,DILIP KUMAR CHOWDHURY
Independent,Assam,1855,Dhakuakhana,BHUMI RANJAN DOLEY
Liberal Democratic Party,Assam,812,Dhakuakhana,DR RAJENDRA NATH PEGU
SOCIALIST UNITY CENTRE OF INDIA (COMMUNIST),Assam,422,Dhakuakhana,JUTIKA DOLEY
None of the Above,Assam,1111,Dhakuakhana,None of the Above
Bharatiya Janata Party,Assam,69592,Dhemaji,PRADAN BARUAH
Indian National Congress,Assam,50471,Dhemaji,SUMITRA DOLEY PATIR
Independent,Assam,21874,Dhemaji,PARAMANANDA CHAYENGIA
Independent,Assam,16548,Dhemaji,SAILEN SONOWAL
Communist Party of India  (Marxist),Assam,3830,Dhemaji,GANDHESWAR BORAH
Liberal Democratic Party,Assam,2456,Dhemaji,KIRANBAN DEORI
Independent,Assam,2173,Dhemaji,RAJKUMAR DOLEY
Lok Jan Shakti Party,Assam,1275,Dhemaji,DURGESWAR PATIR
SOCIALIST UNITY CENTRE OF INDIA (COMMUNIST),Assam,524,Dhemaji,HEM KANTA MIRI
None of the Above,Assam,1417,Dhemaji,None of the Above
Independent,Assam,88441,Jonai,BHUBON PEGU
Bharatiya Janata Party,Assam,39148,Jonai,ASWINI PAIT
Independent,Assam,33265,Jonai,SATHO BASUMATARY
Indian National Congress,Assam,30890,Jonai,SUSHIL PEGU
Independent,Assam,5625,Jonai,LENINDRA KUMAR DOLEY
Independent,Assam,2290,Jonai,HITESH DEORI
Independent,Assam,2120,Jonai,BHUPEN NARAH
Independent,Assam,1519,Jonai,JANKI KUMAR PEGU
Independent,Assam,1068,Jonai,NAREN SONOWAL
None of the Above,Assam,1850,Jonai,None of the Above
Bharatiya Janata Party,Assam,54571,Moran,CHAKRADHAR GOGOI
Indian National Congress,Assam,38340,Moran,PABAN SINGH GHATOWAR
Independent,Assam,2322,Moran,ASHOK KUMAR URANG
Communist Party of India,Assam,1650,Moran,HIRANYA BORUAH
Independent,Assam,1464,Moran,SUNIL RAJKONWAR
Independent,Assam,791,Moran,RUBUL BURAGOHAIN
None of the Above,Assam,1673,Moran,None of the Above
Bharatiya Janata Party,Assam,63985,Dibrugarh,PRASANTA PHUKAN
Indian National Congress,Assam,36611,Dibrugarh,CHANDRA KANTA BARUA
Communist Party of India,Assam,1086,Dibrugarh,DIGANTA PHUKAN
Independent,Assam,748,Dibrugarh,BIPUL CHANDRA DAS
Independent,Assam,503,Dibrugarh,AVINASH SINGH
Independent,Assam,501,Dibrugarh,JUGEN KACHARI
Independent,Assam,311,Dibrugarh,PADMESWAR PHUKAN
None of the Above,Assam,1116,Dibrugarh,None of the Above
Bharatiya Janata Party,Assam,59013,Lahowal,RITUPARNA BARUAH
Indian National Congress,Assam,39414,Lahowal,PRITHIBI MAJHI
Communist Party of India,Assam,3022,Lahowal,RAJESH RAJPUT
Independent,Assam,1753,Lahowal,RANJIT KONWAR
Independent,Assam,1568,Lahowal,SOMBHULAL SABOR
Independent,Assam,911,Lahowal,PRIYA NATH GOGOI
Jan Congress Party,Assam,857,Lahowal,BOGA KUMAR NAG
None of the Above,Assam,3039,Lahowal,None of the Above
Bharatiya Janata Party,Assam,58450,Duliajan,TERASH GOWALLA
Indian National Congress,Assam,41364,Duliajan,DHRUBA JYOTI GOGOI
Independent,Assam,4376,Duliajan,AMIYA GOGOI
Independent,Assam,1816,Duliajan,RAMESH CHANDRA PHUKAN
Independent,Assam,1144,Duliajan,HIRANYA SONOWAL (RAJU)
Jan Congress Party,Assam,1037,Duliajan,ANJALI SENAPATI
Independent,Assam,825,Duliajan,JATIN KONWAR
Communist Party of India  (Marxist-Leninist)  (Liberation),Assam,710,Duliajan,SUNIL TANTI
Independent,Assam,651,Duliajan,PROBIN KUMAR HAZARIKA
Independent,Assam,637,Duliajan,ISAK KARKARIA
Shivsena,Assam,542,Duliajan,JHUMA DEB NATH
None of the Above,Assam,2761,Duliajan,None of the Above
Bharatiya Janata Party,Assam,57072,Tingkhong,BIMAL BORAH
Indian National Congress,Assam,38734,Tingkhong,ATUWA MUNDA
Independent,Assam,2935,Tingkhong,ANUP PHUKON
Communist Party of India  (Marxist-Leninist)  (Liberation),Assam,1299,Tingkhong,MIRA TANTI
Independent,Assam,1235,Tingkhong,DILIP BHARALI
Jharkhand Disom Party,Assam,1150,Tingkhong,ELIASH SICHAN
None of the Above,Assam,2075,Tingkhong,None of the Above
Asom Gana Parishad,Assam,46051,Naharkatia,NAREN SONOWAL (BOTALI)
Indian National Congress,Assam,42520,Naharkatia,PRANATEE PHUKAN
Communist Party of India  (Marxist),Assam,4026,Naharkatia,SURESH CH. DEKA
Independent,Assam,2708,Naharkatia,MOHAN NAG
Independent,Assam,783,Naharkatia,MAHENDRA DHADUMIYA
Jan Congress Party,Assam,697,Naharkatia,SADANANDA DAS
None of the Above,Assam,1719,Naharkatia,None of the Above
Bharatiya Janata Party,Assam,69351,Chabua ,BINOD HAZARIKA
Indian National Congress,Assam,38597,Chabua ,RAJU SAHU
Communist Party of India  (Marxist-Leninist)  (Liberation),Assam,2516,Chabua ,DEBNATH MAJHI
Independent,Assam,1315,Chabua ,RABIN CHANDRA KACHARI
Independent,Assam,1252,Chabua ,UTPAL KAKOTI
None of the Above,Assam,3012,Chabua ,None of the Above
Bharatiya Janata Party,Assam,70937,Tinsukia,SANJOY KISHAN
Indian National Congress,Assam,35868,Tinsukia,RAJENDRA PRASAD SINGH
Independent,Assam,4056,Tinsukia,LAKHYAJYOTI BORUAH
Nationalist Congress Party,Assam,1020,Tinsukia,CINTU BARUAH
Jan Congress Party,Assam,773,Tinsukia,ANANTA JYOTI BHATTACHARJEE
Independent,Assam,667,Tinsukia,RAM DARSHAN SINGH
Shivsena,Assam,536,Tinsukia,RAM NARAYAN SINGH
None of the Above,Assam,1986,Tinsukia,None of the Above
Bharatiya Janata Party,Assam,49167,Digboi,SUREN PHUKAN
Indian National Congress,Assam,34874,Digboi,GAUTAM DHANOWAR
Independent,Assam,4841,Digboi,PRANAB CHETIA
Independent,Assam,1166,Digboi,IMRAN SIDDIQUE
Independent,Assam,977,Digboi,BISWANATH SARMA BORDOLOI
Nationalist Congress Party,Assam,923,Digboi,NOGEN DHEKIAL PHUKAN
Independent,Assam,743,Digboi,BHABAKANTA CHUTIA
Independent,Assam,588,Digboi,CHANDAN BAGH
None of the Above,Assam,2246,Digboi,None of the Above
Bharatiya Janata Party,Assam,76365,Margherita,BHASKAR SHARMA
Indian National Congress,Assam,53621,Margherita,PRADYUT BORDOLOI
Independent,Assam,1332,Margherita,NIDAN PURTY
Independent,Assam,1306,Margherita,BISHWANATH SINGHA
Independent,Assam,1289,Margherita,UMESH BORA
Independent,Assam,690,Margherita,PURNA CHETRI
None of the Above,Assam,2137,Margherita,None of the Above
Indian National Congress,Assam,46938,Doom Dooma,DURGA BHUMIJ
Bharatiya Janata Party,Assam,46156,Doom Dooma,DILIP MORAN
Independent,Assam,1481,Doom Dooma,HRISHIKESH BARUAH
Jan Congress Party,Assam,1443,Doom Dooma,MONOJ KUMAR SAWASHI
Independent,Assam,1441,Doom Dooma,RAJESH KARMAKAR
Independent,Assam,846,Doom Dooma,SARFARAZ ALAM
Independent,Assam,642,Doom Dooma,ISAB HUSSAIN
Independent,Assam,571,Doom Dooma,RANJIT SINGH GORH
Independent,Assam,557,Doom Dooma,BHABA KANTA CHUTIA
None of the Above,Assam,3317,Doom Dooma,None of the Above
