status,votes,candidate,state,party,constituency
Result Declared  ,53975,KRIPANATH MALLAH,Assam,Bharatiya Janata Party,Ratabari
Result Declared  ,29449,AKHIL RANJAN TALUKDAR,Assam,Indian National Congress,Ratabari
Result Declared  ,23926,RAJIB BISWAS,Assam,All India United Democratic Front,Ratabari
Result Declared  ,908,SETUL CHANDRA NAMASUDRA,Assam,Independent,Ratabari
Result Declared  ,542,NIRMAL MALLICK,Assam,Samajwadi Party,Ratabari
Result Declared  ,487,PRABIR BARDHAN,Assam,Independent,Ratabari
Result Declared  ,419,SANJOY KUMAR MALLAH,Assam,Independent,Ratabari
Result Declared  ,380,KALIPADA BISWAS,Assam,Independent,Ratabari
Result Declared  ,370,MANILAL RABIDAS,Assam,Independent,Ratabari
Result Declared  ,45289,KAMALAKHYA DEY PURKAYASTHA,Assam,Indian National Congress,Karimganj North
Result Declared  ,44821,MISSION RANJAN DAS,Assam,Bharatiya Janata Party,Karimganj North
Result Declared  ,34207,SAHABUL ISLAM CHOUDHURY,Assam,All India United Democratic Front,Karimganj North
Result Declared  ,1704,NAZRUL ISLAM CHOUDHURY,Assam,Independent,Karimganj North
Result Declared  ,354,SATYENDRA NAMASUDRA,Assam,SOCIALIST UNITY CENTRE OF INDIA (COMMUNIST),Ratabari
Result Declared  ,267,NIRANJAN MALLAH,Assam,Independent,Ratabari
Result Declared  ,247,RANJU ROY,Assam,Independent,Ratabari
Result Declared  ,204,UMESH MALAH,Assam,Independent,Ratabari
Result Declared  ,191,AMULYA NAMASUDRA,Assam,Independent,Ratabari
Result Declared  ,889,None of the Above,Assam,None of the Above,Ratabari
Result Declared  ,1052,ABDUL AHAD CHOUDHURY,Assam,Independent,Karimganj North
Result Declared  ,708,MOIN UDDIN,Assam,Independent,Karimganj North
Result Declared  ,468,ARUNANGSHU BHATTACHARJEE,Assam,SOCIALIST UNITY CENTRE OF INDIA (COMMUNIST),Karimganj North
Result Declared  ,420,MUHAMMAD MUHSIN ALAM,Assam,Independent,Karimganj North
Result Declared  ,265,SIBIR AHMED,Assam,Independent,Karimganj North
Result Declared  ,253,BIKASH KANTI ROY,Assam,Bharatiya Gana Parishad,Karimganj North
Result Declared  ,241,DEEPAN NATH,Assam,Independent,Karimganj North
Result Declared  ,237,KAYSAR AHMED CHOUDHURY,Assam,Independent,Karimganj North
Result Declared  ,161,AMJAD HUSSAIN,Assam,Independent,Karimganj North
Result Declared  ,144,TAJ UDDIN CHOUDHURY,Assam,Independent,Karimganj North
Result Declared  ,137,ARUN KUMAR DAS,Assam,Independent,Karimganj North
Result Declared  ,674,None of the Above,Assam,None of the Above,Karimganj North
Result Declared  ,46544,KRISHNENDU PAUL,Assam,Bharatiya Janata Party,Patharkandi
Result Declared  ,37276,DEBENDRA KUMAR SINHA,Assam,All India United Democratic Front,Patharkandi
Result Declared  ,32048,MONI LAL GOWALA,Assam,Indian National Congress,Patharkandi
Result Declared  ,1638,KRIPESH RANJAN DASGUPTA,Assam,Communist Party of India  (Marxist),Patharkandi
Result Declared  ,892,KABIR AHMED,Assam,Independent,Patharkandi
Result Declared  ,743,RAHIM UDDIN AHMED,Assam,Independent,Patharkandi
Result Declared  ,599,MISBAQUE UDDIN,Assam,Samajwadi Party,Patharkandi
Result Declared  ,509,DEBANGSHU NATH,Assam,SOCIALIST UNITY CENTRE OF INDIA (COMMUNIST),Patharkandi
Result Declared  ,501,ASAD UDDIN AHMED,Assam,Independent,Patharkandi
Result Declared  ,495,NITAI DEY,Assam,Independent,Patharkandi
Result Declared  ,419,NIHAR RANJAN DEB NATH,Assam,Independent,Patharkandi
Result Declared  ,1030,None of the Above,Assam,None of the Above,Patharkandi
Result Declared  ,50676,SUZAM UDDIN LASKAR,Assam,All India United Democratic Front,Katlichera
Result Declared  ,35592,GAUTAM ROY,Assam,Indian National Congress,Katlichera
Result Declared  ,32164,RAJ KUMAR DAS,Assam,Bharatiya Janata Party,Katlichera
Result Declared  ,898,MULNEILAL HRANGKHOL,Assam,Nationalist Congress Party,Katlichera
Result Declared  ,782,SUZAM UDDIN LASKAR,Assam,Independent,Katlichera
Result Declared  ,755,ANIL NATH,Assam,Samajwadi Party,Katlichera
Result Declared  ,661,BHASKAR DEB,Assam,Independent,Katlichera
Result Declared  ,567,BACHCHU PAUL,Assam,Independent,Katlichera
Result Declared  ,429,MINNOTULLA CHOUDHURY,Assam,Independent,Katlichera
Result Declared  ,383,MOHAN DEB,Assam,Independent,Katlichera
Result Declared  ,364,ASHIK AHMED LASKAR,Assam,Independent,Katlichera
Result Declared  ,329,BAPPA PURKAYASTHA,Assam,Independent,Katlichera
Result Declared  ,300,NOROKANTO DAS,Assam,Independent,Katlichera
Result Declared  ,931,None of the Above,Assam,None of the Above,Katlichera
Result Declared  ,68694,PARIMAL SUKLABAIDYA,Assam,Bharatiya Janata Party,Dholai
Result Declared  ,41857,GIRINDRA MALLIK,Assam,Indian National Congress,Dholai
Result Declared  ,13382,LALTA PROSAD MALA,Assam,All India United Democratic Front,Dholai
Result Declared  ,1146,GOUR CHANDRA DAS,Assam,SOCIALIST UNITY CENTRE OF INDIA (COMMUNIST),Dholai
Result Declared  ,1114,NIHAR RANJAN DAS,Assam,Independent,Dholai
Result Declared  ,2110,None of the Above,Assam,None of the Above,Dholai
Result Declared  ,41647,ANWAR HUSSAIN LASKAR,Assam,All India United Democratic Front,Hailakandi
Result Declared  ,39039,SOUMYAJIT DUTTA CHOUDHURY,Assam,Bharatiya Janata Party,Hailakandi
Result Declared  ,15633,ZAKIR HUSSAIN LASKAR,Assam,Independent,Hailakandi
Result Declared  ,9287,ANAM UDDIN LASKAR,Assam,Indian National Congress,Hailakandi
Result Declared  ,1119,HAJI SALIM UDDIN BARBHUIYA,Assam,Independent,Hailakandi
Result Declared  ,1104,PREMRAJ GOALA,Assam,Independent,Hailakandi
Result Declared  ,602,SAMIR UDDIN LASKAR,Assam,Samajwadi Party,Hailakandi
Result Declared  ,579,FAKRUL ALAM MAZARBHUIYA,Assam,Independent,Hailakandi
Result Declared  ,430,ALI HUSSAIN  MIRA,Assam,Independent,Hailakandi
Result Declared  ,376,NIREN DAS,Assam,Independent,Hailakandi
Result Declared  ,372,AJIT KUMAR PAUL,Assam,Nationalist Congress Party,Hailakandi
Result Declared  ,366,LUTFUR RAHMAN LASKAR,Assam,Independent,Hailakandi
Result Declared  ,363,AMIT KUMAR DEB,Assam,Independent,Hailakandi
Result Declared  ,244,MITUZZAMAN LASKAR,Assam,Independent,Hailakandi
Result Declared  ,228,PARBEJ KHASRU LASKAR,Assam,Independent,Hailakandi
Result Declared  ,211,AMAR CHAND BHOWMIK,Assam,Independent,Hailakandi
Result Declared  ,199,BURHAN UDDIN BARBHUIYA,Assam,Independent,Hailakandi
Result Declared  ,180,SAHARUZZAMAN LASKAR,Assam,Independent,Hailakandi
Result Declared  ,176,ABUL HUSSAIN BARBHUIYA,Assam,Independent,Hailakandi
Result Declared  ,163,SUSHIL PAUL,Assam,SOCIALIST UNITY CENTRE OF INDIA (COMMUNIST),Hailakandi
Result Declared  ,158,ADHIR CHANDA,Assam,Independent,Hailakandi
Result Declared  ,122,AJAY KUMAR ROY,Assam,Independent,Hailakandi
Result Declared  ,114,SANKAR CHAKROBARTY,Assam,Independent,Hailakandi
Result Declared  ,281,None of the Above,Assam,None of the Above,Hailakandi
Result Declared  ,36482,KISHOR NATH,Assam,Bharatiya Janata Party,Barkhola
Result Declared  ,36440,MISBAHUL ISLAM LASKAR,Assam,Independent,Barkhola
Result Declared  ,21946,DR. RUMI NATH,Assam,Indian National Congress,Barkhola
Result Declared  ,4051,JAHURUL ISLAM BARBHUIYA,Assam,All India United Democratic Front,Barkhola
Result Declared  ,2438,CHUNILAL BHATTACHARJEE,Assam,Communist Party of India  (Marxist),Barkhola
Result Declared  ,38266,JAMAL UDDIN AHMED,Assam,Indian National Congress,Badarpur
Result Declared  ,36178,ABDUL AZIZ,Assam,All India United Democratic Front,Badarpur
Result Declared  ,35694,DIPAK DEB,Assam,Bharatiya Janata Party,Badarpur
Result Declared  ,418,SAZIDUL HOQUE,Assam,Independent,Badarpur
Result Declared  ,303,KAMRUL ISLAM,Assam,Samajwadi Party,Badarpur
Result Declared  ,619,BADRUL ISLAM MAZUMDER,Assam,Independent,Barkhola
Result Declared  ,473,ANAM UDDIN MAZUMDER,Assam,Independent,Barkhola
Result Declared  ,464,NAZMUL HOQUE LASKAR,Assam,Independent,Barkhola
Result Declared  ,1621,None of the Above,Assam,None of the Above,Barkhola
Result Declared  ,295,SUBODH SUKLABAIDYA,Assam,Independent,Badarpur
Result Declared  ,168,OLIOUR RAHAMAN TAPADAR,Assam,Independent,Badarpur
Result Declared  ,147,SOLMON SHAIKH,Assam,Independent,Badarpur
Result Declared  ,142,ABDUS SUKKUR BEIG,Assam,Independent,Badarpur
Result Declared  ,132,KHASRUZZAMAN TALUKDAR,Assam,Independent,Badarpur
Result Declared  ,101,ANAM UDDIN,Assam,Independent,Badarpur
Result Declared  ,79,BINOY NAMASUDRA,Assam,Independent,Badarpur
Result Declared  ,596,None of the Above,Assam,None of the Above,Badarpur
Result Declared  ,50531,NIZAM UDDIN CHOUDHURY,Assam,All India United Democratic Front,Algapur
Result Declared  ,32777,KAUSHIK RAI,Assam,Bharatiya Janata Party,Algapur
Result Declared  ,25927,RAHUL ROY,Assam,Indian National Congress,Algapur
Result Declared  ,5822,MEHNAZ SAHID CHOUDHURY,Assam,Asom Gana Parishad,Algapur
Result Declared  ,585,SAHIDUL ISLAM LASKAR,Assam,Samajwadi Party,Algapur
Result Declared  ,509,AHMED HUSSAIN LASKAR,Assam,Independent,Algapur
Result Declared  ,475,RAJU DAS,Assam,Independent,Algapur
Result Declared  ,475,RUPU DEB,Assam,Independent,Algapur
Result Declared  ,461,SAMIN AHMED CHOUDHURY,Assam,Independent,Algapur
Result Declared  ,260,AHMED KARIM BARBHUIYA,Assam,Independent,Algapur
Result Declared  ,229,IMADUL ISLAM LASKAR,Assam,Independent,Algapur
Result Declared  ,59764,AMAR CHAND JAIN,Assam,Bharatiya Janata Party,Katigorah
Result Declared  ,50956,KHALIL UDDIN MAZUMDER,Assam,All India United Democratic Front,Katigorah
Result Declared  ,16418,ATAUR RAHMAN MAZARBHUIYA,Assam,Indian National Congress,Katigorah
Result Declared  ,1949,TRAYABASHI DAS,Assam,Independent,Katigorah
Result Declared  ,1372,MOINUL HOQUE,Assam,Communist Party of India,Katigorah
Result Declared  ,222,BINAYAK DEB,Assam,Independent,Algapur
Result Declared  ,179,KAZI MUZAKKIR HUSSAIN,Assam,Independent,Algapur
Result Declared  ,173,SALEH AHMED MAZUMDER,Assam,Independent,Algapur
Result Declared  ,768,None of the Above,Assam,None of the Above,Algapur
Result Declared  ,906,SAMUJJAL DAS,Assam,Independent,Katigorah
Result Declared  ,826,HANIF ALOM MAZARBHUIYA,Assam,Independent,Katigorah
Result Declared  ,552,ALA UDDIN CHOUDHURY,Assam,Samajwadi Party,Katigorah
Result Declared  ,541,SALEH AHMED TALUKDAR,Assam,Independent,Katigorah
Result Declared  ,425,ARUN KARMAKAR,Assam,Independent,Katigorah
Result Declared  ,356,RAFIQUE UZZAMAN LASKAR,Assam,Independent,Katigorah
Result Declared  ,284,MAHENDRA SINHA,Assam,Independent,Katigorah
Result Declared  ,273,SUJATA SINHA,Assam,Jan Congress Party,Katigorah
Result Declared  ,184,DIPAK LAL DAS,Assam,Independent,Katigorah
Result Declared  ,906,None of the Above,Assam,None of the Above,Katigorah
Result Declared  ,44236,AMINUL HAQUE LASKAR,Assam,Bharatiya Janata Party,Sonai
Result Declared  ,36683,ANAMUL HAQUE,Assam,Indian National Congress,Sonai
Result Declared  ,32109,KARIM UDDIN BARBHUIYA,Assam,All India United Democratic Front,Sonai
Result Declared  ,2987,IBUNGOBI SINGHA,Assam,Independent,Sonai
Result Declared  ,2408,ANWAR HUSSAIN LASKAR,Assam,Independent,Sonai
Result Declared  ,943,SANJIB KUMAR DAS,Assam,Independent,Sonai
Result Declared  ,598,SANTOSH DAS,Assam,Independent,Sonai
Result Declared  ,579,REJAUL ISLAM BARBHUIYA,Assam,Independent,Sonai
Result Declared  ,522,PRANESH NATH,Assam,Lok Jan Shakti Party,Sonai
Result Declared  ,401,MANINDRA CHANDRA DAS,Assam,Samajwadi Party,Sonai
Result Declared  ,401,JAWAHAR LAL GOALA,Assam,Independent,Sonai
Result Declared  ,306,MAKSUS AHMED LASKAR,Assam,Independent,Sonai
Result Declared  ,1292,None of the Above,Assam,None of the Above,Sonai
Result Declared  ,60135,RAJDEEP GOALA,Assam,Indian National Congress,Lakhipur
Result Declared  ,35768,THOIBA SINGHA,Assam,Bharatiya Janata Party,Lakhipur
Result Declared  ,8923,LALTHOMLIEN HMAR,Assam,Janata Dal  (United),Lakhipur
Result Declared  ,1346,JOY SINGH CHATRI,Assam,SOCIALIST UNITY CENTRE OF INDIA (COMMUNIST),Lakhipur
Result Declared  ,741,SANJAY KUMAR THAKUR,Assam,Independent,Lakhipur
Result Declared  ,660,AJMUL HUSSAIN LASKAR,Assam,Independent,Lakhipur
Result Declared  ,456,UJJAL DHUBI,Assam,Independent,Lakhipur
Result Declared  ,1309,None of the Above,Assam,None of the Above,Lakhipur
Result Declared  ,58060,AZIZ AHMED KHAN,Assam,All India United Democratic Front,Karimganj South
Result Declared  ,53644,SIDDEQUE AHMED,Assam,Indian National Congress,Karimganj South
Result Declared  ,11861,SIPRA GOON,Assam,Bharatiya Janata Party,Karimganj South
Result Declared  ,815,MONARUL HAQUE,Assam,Independent,Karimganj South
Result Declared  ,592,MOSUD AHMED,Assam,Independent,Karimganj South
Result Declared  ,391,AZIR UDDIN,Assam,Independent,Karimganj South
Result Declared  ,366,MOIN UDDIN,Assam,Independent,Karimganj South
Result Declared  ,265,MAYNUL HAQUE,Assam,Independent,Karimganj South
Result Declared  ,264,SUFIAN AHMED,Assam,Independent,Karimganj South
Result Declared  ,242,BILAL UDDIN,Assam,Independent,Karimganj South
Result Declared  ,212,TAJ MD KAMAL UDDIN KHAN,Assam,Independent,Karimganj South
Result Declared  ,52037,BIR BHADRA HAGJER,Assam,Bharatiya Janata Party,Haflong 
Result Declared  ,43731,NIRMAL LANGTHASA,Assam,Indian National Congress,Haflong 
Result Declared  ,2893,MAYASING DAULAGUPU,Assam,Independent,Haflong 
Result Declared  ,2723,NEIKHOL HAOLAI CHANGSAN,Assam,All India United Democratic Front,Haflong 
Result Declared  ,199,JAMAL AHMED,Assam,Independent,Karimganj South
Result Declared  ,159,ABDUL HAMID,Assam,Independent,Karimganj South
Result Declared  ,157,AHMED ALI,Assam,Independent,Karimganj South
Result Declared  ,150,ABU BARKAT NIZAM UDDIN AHMED,Assam,Independent,Karimganj South
Result Declared  ,122,MUKTAR HUSSAIN,Assam,Independent,Karimganj South
Result Declared  ,1111,None of the Above,Assam,None of the Above,Haflong 
Result Declared  ,106,SAD UDDIN,Assam,Independent,Karimganj South
Result Declared  ,105,SAHAJAN AHMED,Assam,Independent,Karimganj South
Result Declared  ,98,QUAMRUL ISLAM,Assam,Independent,Karimganj South
Result Declared  ,97,SARIF UDDIN,Assam,Independent,Karimganj South
Result Declared  ,95,FAIZUL HAQUE,Assam,Independent,Karimganj South
Result Declared  ,54204,MIHIR KANTI SHOME,Assam,Bharatiya Janata Party,Udharbond
Result Declared  ,45598,AJIT SINGH,Assam,Indian National Congress,Udharbond
Result Declared  ,90,KABIR UDDIN,Assam,Independent,Karimganj South
Result Declared  ,80,SALIM UDDIN,Assam,Independent,Karimganj South
Result Declared  ,56,SABIR AHMED,Assam,Independent,Karimganj South
Result Declared  ,43,RAJIB DAS,Assam,Independent,Karimganj South
Result Declared  ,173,None of the Above,Assam,None of the Above,Karimganj South
Result Declared  ,8715,LIAKAT ALI LASKAR,Assam,All India United Democratic Front,Udharbond
Result Declared  ,882,SADIK HUSSAIN BARLASKAR,Assam,Independent,Udharbond
Result Declared  ,542,APARNA TEWARI,Assam,Samajwadi Party,Udharbond
Result Declared  ,474,MOINUL HOQUE LASKAR,Assam,Independent,Udharbond
Result Declared  ,1745,None of the Above,Assam,None of the Above,Udharbond
Result Declared  ,40170,NUMAL MOMIN,Assam,Bharatiya Janata Party,Bokajan
Result Declared  ,35426,KLENGDOON ENGTI,Assam,Indian National Congress,Bokajan
Result Declared  ,25388,JAGAT SING ENGTI,Assam,Independent,Bokajan
Result Declared  ,1628,DANIEL MOMIN,Assam,National People's Party,Bokajan
Result Declared  ,1441,SANJAY KEMPRAI,Assam,Independent,Bokajan
Result Declared  ,959,BIKHA TOKBI,Assam,Jan Congress Party,Bokajan
Result Declared  ,2144,None of the Above,Assam,None of the Above,Bokajan
Result Declared  ,62596,DR.MANSING RONGPI,Assam,Indian National Congress,Baithalangso
Result Declared  ,53077,ARUN TERANG,Assam,Bharatiya Janata Party,Baithalangso
Result Declared  ,25171,HOLIRAM TERANG,Assam,Independent,Baithalangso
Result Declared  ,2285,DHONSING HANSE,Assam,Jan Congress Party,Baithalangso
Result Declared  ,2981,None of the Above,Assam,None of the Above,Baithalangso
Result Declared  ,43378,JOY RAM ENGLENG,Assam,Bharatiya Janata Party,Howraghat
Result Declared  ,36987,KHORSING ENGTI,Assam,Indian National Congress,Howraghat
Result Declared  ,15899,CHOMANG KRO,Assam,Independent,Howraghat
Result Declared  ,1906,None of the Above,Assam,None of the Above,Howraghat
Result Declared  ,94787,SRI DILIP KUMAR PAUL,Assam,Bharatiya Janata Party,Silchar
Result Declared  ,54867,BITHIKA DEV,Assam,Indian National Congress,Silchar
Result Declared  ,1961,SUPRIYA BHATTACHARJEE,Assam,Communist Party of India  (Marxist),Silchar
Result Declared  ,657,SHUVADIP DATTA,Assam,Independent,Silchar
Result Declared  ,526,RITA MAZUMDER,Assam,Independent,Silchar
Result Declared  ,512,IMDAD HUSSAIN LASKAR,Assam,Independent,Silchar
Result Declared  ,332,SAHIN AHMED CHOUDHURY,Assam,Samajwadi Party,Silchar
Result Declared  ,324,PRADIP KUMAR DEB,Assam,SOCIALIST UNITY CENTRE OF INDIA (COMMUNIST),Silchar
Result Declared  ,318,BIJU CHANDA,Assam,Independent,Silchar
Result Declared  ,270,KHAIRUL ALAM BARBHUIYA,Assam,Independent,Silchar
Result Declared  ,232,BROJALAL DAS,Assam,Independent,Silchar
Result Declared  ,211,ASCHAM UDDIN LASKAR,Assam,Independent,Silchar
Result Declared  ,199,NILOM SANJIB SARMAH,Assam,Bharatiya Gana Parishad,Silchar
Result Declared  ,158,MONILAL DAS,Assam,Independent,Silchar
Result Declared  ,97,ASHIM KUMAR DAS,Assam,Independent,Silchar
Result Declared  ,1143,None of the Above,Assam,None of the Above,Silchar
Result Declared  ,73423,NIJANUR RAHMAN,Assam,All India United Democratic Front,Gauripur
Result Declared  ,53512,BANENDRA KUMAR MUSHAHARY,Assam,Bodoland Peoples Front,Gauripur
Result Declared  ,23102,SUSHIL KUMAR ROY,Assam,Indian National Congress,Gauripur
Result Declared  ,5420,SUKUMAR ROY,Assam,Independent,Gauripur
Result Declared  ,768,ABDUR RAZZAQUE SHEIKH,Assam,Independent,Gauripur
Result Declared  ,669,SUNIL DAS,Assam,Independent,Gauripur
Result Declared  ,595,MOINUL HOQUE,Assam,Independent,Gauripur
Result Declared  ,539,HELIM ZAMAN,Assam,Rashtriya Secular Congress,Gauripur
Result Declared  ,534,BIKROMJIT ROY,Assam,Independent,Gauripur
Result Declared  ,487,MD. MAHIJUR RAHMAN,Assam,The National Road Map Party of India,Gauripur
Result Declared  ,301,MIR HUSSAIN SARKAR,Assam,Republican Party of India (A),Gauripur
Result Declared  ,1447,None of the Above,Assam,None of the Above,Gauripur
Result Declared  ,60933,NAJRUL HOQUE,Assam,All India United Democratic Front,Dhubri
Result Declared  ,36847,NAZIBUL UMAR,Assam,Independent,Dhubri
Result Declared  ,33648,DR. DEBAMOY SANYAL,Assam,Bharatiya Janata Party,Dhubri
Result Declared  ,13126,ABEDUR ZAMAN,Assam,Indian National Congress,Dhubri
Result Declared  ,80066,WAZED ALI CHOUDHURY,Assam,Indian National Congress,Salmara South
Result Declared  ,63343,BADRUDDIN AJMAL,Assam,All India United Democratic Front,Salmara South
Result Declared  ,1954,SHIRAJ HUSSAIN,Assam,Bharatiya Janata Party,Salmara South
Result Declared  ,1153,DEWAN JOYNAL ABEDIN,Assam,SOCIALIST UNITY CENTRE OF INDIA (COMMUNIST),Salmara South
Result Declared  ,3486,RASUL HOQUE,Assam,Independent,Dhubri
Result Declared  ,975,ALI HUSSAIN,Assam,Independent,Dhubri
Result Declared  ,669,SOPIAR RAHMAN,Assam,Communist Party of India  (Marxist),Dhubri
Result Declared  ,552,AZHAR HUSSAIN,Assam,SOCIALIST UNITY CENTRE OF INDIA (COMMUNIST),Dhubri
Result Declared  ,406,MUKTA BEGUM,Assam,Republican Party of India (A),Dhubri
Result Declared  ,312,BAHARUL SK.,Assam,Rashtriya Secular Congress,Dhubri
Result Declared  ,581,None of the Above,Assam,None of the Above,Salmara South
Result Declared  ,1069,None of the Above,Assam,None of the Above,Dhubri
Result Declared  ,59206,ASHOK KUMAR SINGHI,Assam,Bharatiya Janata Party,BILASIPARA EAST
Result Declared  ,54110,AMRIT BADSHA,Assam,Indian National Congress,BILASIPARA EAST
Result Declared  ,43213,MOSHLEM UDDIN CHOUDHURY,Assam,All India United Democratic Front,BILASIPARA EAST
Result Declared  ,4941,ANWAR HUSSAIN,Assam,Independent,BILASIPARA EAST
Result Declared  ,1047,SIDDIQUE HUSSEIN,Assam,Independent,BILASIPARA EAST
Result Declared  ,749,AMARENDRA NATH,Assam,Independent,BILASIPARA EAST
Result Declared  ,733,MARTIAL RUSSEL,Assam,Independent,BILASIPARA EAST
Result Declared  ,720,NISHIL KUMAR RAY,Assam,Independent,BILASIPARA EAST
Result Declared  ,700,TRIDIP PATI SINGHA,Assam,Independent,BILASIPARA EAST
Result Declared  ,500,AMZAD HUSSEIN,Assam,Samajwadi Party,BILASIPARA EAST
Result Declared  ,406,DR. ASHWIN KUMAR MAHANTA,Assam,Independent,BILASIPARA EAST
Result Declared  ,340,MOMINUR ALI SHEIKH,Assam,Republican Party of India (A),BILASIPARA EAST
Result Declared  ,1073,None of the Above,Assam,None of the Above,BILASIPARA EAST
Result Declared  ,44407,HAFIZ BASHIR AHMED,Assam,All India United Democratic Front,BILASIPARA WEST
Result Declared  ,33205,ALI AKBAR MIAH,Assam,Independent,BILASIPARA WEST
Result Declared  ,25515,SABANA AKTAR,Assam,Indian National Congress,BILASIPARA WEST
Result Declared  ,14688,ALI AZOM SHEIKH,Assam,Asom Gana Parishad,BILASIPARA WEST
Result Declared  ,6792,GIAS UDDIN AHMED,Assam,Communist Party of India,BILASIPARA WEST
Result Declared  ,5812,BIPLAB MUKHERJEE,Assam,Independent,BILASIPARA WEST
Result Declared  ,1997,ATOWAR HUSSAIN,Assam,Independent,BILASIPARA WEST
Result Declared  ,1412,SAIFUL ISLAM,Assam,Independent,BILASIPARA WEST
Result Declared  ,616,SHEIKH MONSHUR RAHMAN,Assam,Independent,BILASIPARA WEST
Result Declared  ,577,MOHAR UDDIN MONDAL,Assam,Samajwadi Party,BILASIPARA WEST
Result Declared  ,498,AFZALUR RAHMAN,Assam,Republican Party of India (A),BILASIPARA WEST
Result Declared  ,492,AJMIRA AKTAR,Assam,Jan Congress Party,BILASIPARA WEST
Result Declared  ,486,PRAKRITA KUMAR N ATH,Assam,Independent,BILASIPARA WEST
Result Declared  ,250,YOUSUB ALI AHMED,Assam,Indian Union Muslim League,BILASIPARA WEST
Result Declared  ,766,None of the Above,Assam,None of the Above,BILASIPARA WEST
Result Declared  ,74644,ASHWINI RAY SARKAR,Assam,Bharatiya Janata Party,Golakganj
Result Declared  ,68253,ABDUS SOBAHAN ALI SARKAR,Assam,Indian National Congress,Golakganj
Result Declared  ,16843,SAFER ALI AHMED,Assam,All India United Democratic Front,Golakganj
Result Declared  ,814,JALAL UDDIN KHAN,Assam,Independent,Golakganj
Result Declared  ,1001,None of the Above,Assam,None of the Above,Golakganj
Result Declared  ,45517,MAJENDRA NARZARY,Assam,Bodoland Peoples Front,Gossaigaon
Result Declared  ,39476,RAVI SANKAR KASIREDDY,Assam,All India United Democratic Front,Gossaigaon
Result Declared  ,32187,ASHIM HASDA,Assam,Indian National Congress,Gossaigaon
Result Declared  ,17924,SOMNATH NARZARY,Assam,Independent,Gossaigaon
Result Declared  ,3786,WILSON HASDA,Assam,Independent,Gossaigaon
Result Declared  ,1199,MITHUN NATH,Assam,Republican Party of India (A),Gossaigaon
Result Declared  ,969,RAJENDRA MUSHAHARY,Assam,Independent,Gossaigaon
Result Declared  ,1482,None of the Above,Assam,None of the Above,Gossaigaon
Result Declared  ,64423,RABIRAM NARZARY,Assam,Bodoland Peoples Front,Kokrajhar West
Result Declared  ,47083,DAHIT CHANDRA BRAHMA,Assam,All India United Democratic Front,Kokrajhar West
Result Declared  ,18629,URKHAO GWRA BRAHMA,Assam,Independent,Kokrajhar West
Result Declared  ,3545,NILIMA BRAHMA,Assam,Independent,Kokrajhar West
Result Declared  ,1437,BHADRESWAR BRAHMA,Assam,Independent,Kokrajhar West
Result Declared  ,1116,MUKUNDA KOCH,Assam,Independent,Kokrajhar West
Result Declared  ,1044,SUBHADRA NARZARY,Assam,Independent,Kokrajhar West
Result Declared  ,977,SUJILA BASUMATARY,Assam,Independent,Kokrajhar West
Result Declared  ,775,ARUNA BRAHMA,Assam,Independent,Kokrajhar West
Result Declared  ,627,RANJOY KR. BRAHMA,Assam,Independent,Kokrajhar West
Result Declared  ,1285,None of the Above,Assam,None of the Above,Kokrajhar West
Result Declared  ,48354,ABDUL HAI NAGORI,Assam,Indian National Congress,Abhayapuri North
Result Declared  ,46211,BHUPEN ROY,Assam,Asom Gana Parishad,Abhayapuri North
Result Declared  ,32699,ABDUL BATIN KHANDAKAR,Assam,All India United Democratic Front,Abhayapuri North
Result Declared  ,3968,SWAPAN MUKHERJEE,Assam,Independent,Abhayapuri North
Result Declared  ,3315,TAREN CHANDRA RAY,Assam,Communist Party of India  (Marxist),Abhayapuri North
Result Declared  ,836,BHAGIRATH RAY,Assam,Republican Party of India (A),Abhayapuri North
Result Declared  ,501,SAMSUL HOQUE,Assam,Independent,Abhayapuri North
Result Declared  ,803,None of the Above,Assam,None of the Above,Abhayapuri North
Result Declared  ,64421,SUM RONGHANG,Assam,Bharatiya Janata Party,Diphu
Result Declared  ,36185,BIDYA SING ENGLENG,Assam,Indian National Congress,Diphu
Result Declared  ,31647,DR. JAYANTA RONGPI,Assam,Independent,Diphu
Result Declared  ,1975,DIPENDRA RONGPI,Assam,Lok Jan Shakti Party,Diphu
Result Declared  ,1231,MARY KRAMSAPI,Assam,Jan Congress Party,Diphu
Result Declared  ,2803,None of the Above,Assam,None of the Above,Diphu
Result Declared  ,66037,CHANDAN BRAHMA,Assam,Bodoland Peoples Front,Sidli 
Result Declared  ,57049,RWNGWRA NARZARY,Assam,Independent,Sidli 
Result Declared  ,21601,DILIP KUMAR SARANIA,Assam,Independent,Sidli 
Result Declared  ,8083,PANKAJ ISLARY,Assam,All India United Democratic Front,Sidli 
Result Declared  ,1548,PHALMARSTON BRAHMA,Assam,Independent,Sidli 
Result Declared  ,2929,None of the Above,Assam,None of the Above,Sidli 
Result Declared  ,54181,DR. MOTIUR ROHMAN MONDAL,Assam,Indian National Congress,Mankachar 
Result Declared  ,49868,MD. AMINUL ISLAM,Assam,All India United Democratic Front,Mankachar 
Result Declared  ,48358,ZABED ISLAM,Assam,Independent,Mankachar 
Result Declared  ,8490,ABDUL SALAM SHAH,Assam,Bharatiya Janata Party,Mankachar 
Result Declared  ,6718,AMINUL ISLAM,Assam,Independent,Mankachar 
Result Declared  ,1399,RUKUNUR ZAMAN,Assam,Independent,Mankachar 
Result Declared  ,1186,PAHCHAN ALI,Assam,SOCIALIST UNITY CENTRE OF INDIA (COMMUNIST),Mankachar 
Result Declared  ,590,MOSTAQUE MD MOKSEDUR HASSAN,Assam,Samajwadi Party,Mankachar 
Result Declared  ,835,None of the Above,Assam,None of the Above,Mankachar 
Result Declared  ,51525,ANANTA KUMAR MALO,Assam,All India United Democratic Front,Abhayapuri South (SC)
Result Declared  ,51334,CHANDAN KUMAR SARKAR,Assam,Indian National Congress,Abhayapuri South (SC)
Result Declared  ,50957,RABIN BANIKYA,Assam,Asom Gana Parishad,Abhayapuri South (SC)
Result Declared  ,1602,NIRMALENDU BANIKYA,Assam,Independent,Abhayapuri South (SC)
Result Declared  ,1304,ASHOK DUTTA,Assam,Republican Party of India (A),Abhayapuri South (SC)
Result Declared  ,694,DHIREN MAJUMDAR,Assam,Jan Congress Party,Abhayapuri South (SC)
Result Declared  ,1113,None of the Above,Assam,None of the Above,Abhayapuri South (SC)
Result Declared  ,76496,PRAMILA RANI BRAHMA,Assam,Bodoland Peoples Front,Kokrajhar East
Result Declared  ,36405,PRATIBHA BRAHMA,Assam,Independent,Kokrajhar East
Result Declared  ,12588,MANU BORGAYARY,Assam,All India United Democratic Front,Kokrajhar East
Result Declared  ,6994,BASANTA KUMAR MEDHI,Assam,Independent,Kokrajhar East
Result Declared  ,1816,AJAY KUMAR NARZARY,Assam,Independent,Kokrajhar East
Result Declared  ,1642,RAJESH NARZARY,Assam,Independent,Kokrajhar East
Result Declared  ,2288,None of the Above,Assam,None of the Above,Kokrajhar East
Result Declared  ,77292,PHANI BHUSAN CHOUDHURY,Assam,Asom Gana Parishad,Bongaigaon
Result Declared  ,45972,SHANKAR PRASAD RAY,Assam,Indian National Congress,Bongaigaon
Result Declared  ,7087,DR. ITESH BORDOLOI,Assam,Independent,Bongaigaon
Result Declared  ,1902,DHIRABATI CHOUDHURY,Assam,Independent,Bongaigaon
Result Declared  ,1404,PRABHAT BAISNAB,Assam,Independent,Bongaigaon
Result Declared  ,1099,FULBAR ALI MOLYA,Assam,Independent,Bongaigaon
Result Declared  ,815,DEEPAK KUMAR DAS,Assam,Independent,Bongaigaon
Result Declared  ,2376,None of the Above,Assam,None of the Above,Bongaigaon
Result Declared  ,29240,KAMALSHING NARZARY,Assam,Bodoland Peoples Front,Bijni
Result Declared  ,27562,AJAY KUMAR RAY,Assam,Bharatiya Gana Parishad,Bijni
Result Declared  ,19350,SANTOSH KHAKHLARY,Assam,Independent,Bijni
Result Declared  ,18197,KAMALESWAR RAY,Assam,All India United Democratic Front,Bijni
Result Declared  ,12619,KHALILUR RAHMAN,Assam,Independent,Bijni
Result Declared  ,5991,GAJENDRA BARMAN,Assam,Communist Party of India  (Marxist),Bijni
Result Declared  ,3861,BISWAJIT RAY,Assam,Indian National Congress,Bijni
Result Declared  ,1236,PHILIP MARANDI,Assam,Jharkhand Disom Party,Bijni
Result Declared  ,1306,None of the Above,Assam,None of the Above,Bijni
Result Declared  ,61007,ABDUR RASHID MANDAL,Assam,Indian National Congress,Goalpara West
Result Declared  ,36668,SHEIKH SHAH ALAM,Assam,All India United Democratic Front,Goalpara West
Result Declared  ,32432,JABEEN BARBHUIYAN,Assam,Bharatiya Janata Party,Goalpara West
Result Declared  ,1154,ANOWAR HUSSAIN,Assam,Asom Gana Parishad,Goalpara West
Result Declared  ,1016,MOHIBUL ISLAM,Assam,SOCIALIST UNITY CENTRE OF INDIA (COMMUNIST),Goalpara West
Result Declared  ,582,ZESMINA KHATUN,Assam,All India Trinamool Congress,Goalpara West
Result Declared  ,523,MIZANUR RAHMAN,Assam,Independent,Goalpara West
Result Declared  ,489,KHANINDRA CHANDRA NATH,Assam,Republican Party of India (A),Goalpara West
Result Declared  ,480,BABLI GOSWAMI CHAKRABORTY,Assam,Independent,Goalpara West
Result Declared  ,457,ALI AKBAR,Assam,Jai Maha Bharath Party,Goalpara West
Result Declared  ,289,JALI BEGUM,Assam,Independent,Goalpara West
Result Declared  ,269,JOYNAL ABEDIN,Assam,National People's Party,Goalpara West
Result Declared  ,28383,ABUL KALAM AZAD,Assam,All India United Democratic Front,Bhabanipur
Result Declared  ,25944,PHANIHDAR TALUKDAR,Assam,Independent,Bhabanipur
Result Declared  ,22380,MANOJ BARUAH,Assam,Bharatiya Janata Party,Bhabanipur
Result Declared  ,14500,MILAN BARO,Assam,Independent,Bhabanipur
Result Declared  ,8748,KANAK CHANDRA BARO,Assam,Independent,Bhabanipur
Result Declared  ,252,GIAS UDDIN AHMED,Assam,New All India Congress Party,Goalpara West
Result Declared  ,646,None of the Above,Assam,None of the Above,Goalpara West
Result Declared  ,6620,RAJIB DAS,Assam,Indian National Congress,Bhabanipur
Result Declared  ,921,KAZI SHAMSUL ARFIN,Assam,Rashtriya Secular Congress,Bhabanipur
Result Declared  ,511,BHUPENDRA KALITA,Assam,Independent,Bhabanipur
Result Declared  ,447,SATYACHARAN ARJYA,Assam,Republican Party of India (A),Bhabanipur
Result Declared  ,401,ANOWAR ISLAM AKAND,Assam,Rashtriya Jankranti Party,Bhabanipur
Result Declared  ,378,HAIDAR ALI,Assam,Independent,Bhabanipur
Result Declared  ,341,MESER MOLLAH,Assam,Independent,Bhabanipur
Result Declared  ,57374,ABUL KALAM RASHEED ALAM,Assam,Indian National Congress,Goalpara East
Result Declared  ,54793,GAURANGA PRASAD DAS,Assam,Bharatiya Janata Party,Goalpara East
Result Declared  ,27778,SHADEED MAZUMDER,Assam,All India United Democratic Front,Goalpara East
Result Declared  ,12138,ABUL KALAM HUSSAIN,Assam,Independent,Goalpara East
Result Declared  ,7172,ELBARTH MARAK,Assam,All India Trinamool Congress,Goalpara East
Result Declared  ,706,None of the Above,Assam,None of the Above,Bhabanipur
Result Declared  ,56003,SAHAB UDDIN AHMED,Assam,All India United Democratic Front,Jaleswar
Result Declared  ,49341,AFTAB UDDIN MOLLAH,Assam,Independent,Jaleswar
Result Declared  ,11535,ABDUR RAHIM ZIBRAN,Assam,Bharatiya Janata Party,Jaleswar
Result Declared  ,6567,ABUL FAZAL NASIR UDDIN MOLLAH,Assam,Indian National Congress,Jaleswar
Result Declared  ,6710,PUNAM CHAND SHARMA (LILU),Assam,National People's Party,Goalpara East
Result Declared  ,971,KOFIL UDDIN AHMED,Assam,Nationalist Congress Party,Goalpara East
Result Declared  ,770,BIRMAL RAY,Assam,Independent,Goalpara East
Result Declared  ,592,SOLEMAN ALI,Assam,Bhartiya Rashtrawadi Party,Goalpara East
Result Declared  ,495,NAREN SANKAR RABHA,Assam,Independent,Goalpara East
Result Declared  ,483,MEHBUBAR RAHMAN,Assam,Republican Party of India (A),Goalpara East
Result Declared  ,447,MUJAHARUL ISLAM,Assam,Independent,Goalpara East
Result Declared  ,63563,GUNINDRA NATH DAS,Assam,Asom Gana Parishad,Barpeta
Result Declared  ,57753,A.RAHIM AHMED,Assam,Indian National Congress,Barpeta
Result Declared  ,37697,ABDUR RAHIM KHAN,Assam,All India United Democratic Front,Barpeta
Result Declared  ,936,SANJAY KUMAR DAS,Assam,Independent,Barpeta
Result Declared  ,820,ATIKUR RAHMAN,Assam,Republican Party of India,Barpeta
Result Declared  ,1433,ABDUL WAHAB SHEIKH,Assam,Bhartiya Rashtrawadi Party,Jaleswar
Result Declared  ,1355,KHAIRUL ISLAM MONDAL,Assam,Independent,Jaleswar
Result Declared  ,761,ABDUS SALAM,Assam,SOCIALIST UNITY CENTRE OF INDIA (COMMUNIST),Jaleswar
Result Declared  ,690,INNAS ALI,Assam,Independent,Jaleswar
Result Declared  ,627,None of the Above,Assam,None of the Above,Jaleswar
Result Declared  ,420,ABDUL HAMID,Assam,SOCIALIST UNITY CENTRE OF INDIA (COMMUNIST),Goalpara East
Result Declared  ,1064,None of the Above,Assam,None of the Above,Goalpara East
Result Declared  ,774,FARUK KHAN,Assam,Independent,Barpeta
Result Declared  ,672,SORHAB HUSSAIN,Assam,Independent,Barpeta
Result Declared  ,937,None of the Above,Assam,None of the Above,Barpeta
Result Declared  ,79983,DIPAK KUMAR RABHA,Assam,Bharatiya Janata Party,Dudhnai
Result Declared  ,51316,SIBCHARAN BASUMATARY,Assam,Indian National Congress,Dudhnai
Result Declared  ,11305,MEERA BASUMATARY,Assam,All India United Democratic Front,Dudhnai
Result Declared  ,7278,KANGKAN KHAKHALARY,Assam,Independent,Dudhnai
Result Declared  ,2936,DEBEN DAIMARY,Assam,Independent,Dudhnai
Result Declared  ,1567,BHUPENDRA RABHA,Assam,Communist Party of India,Dudhnai
Result Declared  ,1413,THARMAN MOMIN,Assam,Independent,Dudhnai
Result Declared  ,1210,RAJESWAR RABHA,Assam,Republican Party of India (A),Dudhnai
Result Declared  ,1054,REXSTAR B. SANGMA,Assam,Independent,Dudhnai
Result Declared  ,850,STINDRO MARAK,Assam,Independent,Dudhnai
Result Declared  ,1142,None of the Above,Assam,None of the Above,Dudhnai
Result Declared  ,64558,PABINDRA DEKA,Assam,Asom Gana Parishad,Patacharkuchi
Result Declared  ,12582,SAILEN KALITA,Assam,Indian National Congress,Patacharkuchi
Result Declared  ,12306,KAMALESWAR MEDHI,Assam,Independent,Patacharkuchi
Result Declared  ,8227,MANORANJAN DAS,Assam,Independent,Patacharkuchi
Result Declared  ,3134,KARTIK DEKA,Assam,Independent,Patacharkuchi
Result Declared  ,960,BAIKUNTHA SARMA,Assam,Independent,Patacharkuchi
Result Declared  ,936,PUSPAK DUTTA,Assam,Independent,Patacharkuchi
Result Declared  ,846,NILIMA BHATTACHARJYA,Assam,Independent,Patacharkuchi
Result Declared  ,1043,None of the Above,Assam,None of the Above,Patacharkuchi
Result Declared  ,70062,JAKIR HUSSAIN SIKDAR,Assam,Indian National Congress,Sarukhetri
Result Declared  ,45815,CHITTARANJAN BARMAN,Assam,Asom Gana Parishad,Sarukhetri
Result Declared  ,21460,ALI HOSSAIN,Assam,All India United Democratic Front,Sarukhetri
Result Declared  ,9623,TARA PRASAD DAS,Assam,Independent,Sarukhetri
Result Declared  ,3626,PEARUL ISLAM AHMED,Assam,Communist Party of India  (Marxist),Sarukhetri
Result Declared  ,1308,HARESWAR DEKA,Assam,Independent,Sarukhetri
Result Declared  ,836,MATIAR RAHMAN,Assam,The National Road Map Party of India,Sarukhetri
Result Declared  ,523,HEMANTA KALITA,Assam,Bharatiya Gana Parishad,Sarukhetri
Result Declared  ,516,MD. ANOWAR ISLAM AKAND,Assam,Rashtriya Jankranti Party,Sarukhetri
Result Declared  ,505,JABIDUR RAHMAN KHAN,Assam,Republican Party of India,Sarukhetri
Result Declared  ,73340,SHERMAN ALI AHMED,Assam,Indian National Congress,Baghbar
Result Declared  ,29907,SHEIKH ABDUL HAMID,Assam,All India United Democratic Front,Baghbar
Result Declared  ,18357,RAJIB AHMED,Assam,Independent,Baghbar
Result Declared  ,1418,MD. ABDUL BARIK,Assam,Bharatiya Janata Party,Baghbar
Result Declared  ,1022,ALTAF HUSSAIN,Assam,Janata Congress Party of Bharat Varsha,Baghbar
Result Declared  ,442,ARUN DAS,Assam,Nationalist Congress Party,Sarukhetri
Result Declared  ,776,None of the Above,Assam,None of the Above,Sarukhetri
Result Declared  ,868,JAMAL UDDIN,Assam,Bhartiya Rashtrawadi Party,Baghbar
Result Declared  ,642,JAHIDUL ISLAM,Assam,Independent,Baghbar
Result Declared  ,435,REJAUL KARIM,Assam,Republican Party of India,Baghbar
Result Declared  ,411,ALI ASGAR,Assam,All India Trinamool Congress,Baghbar
Result Declared  ,974,None of the Above,Assam,None of the Above,Baghbar
Result Declared  ,86930,ABDUL KHALEQUE,Assam,Indian National Congress,Jania
Result Declared  ,57194,RAFIQUL ISLAM,Assam,All India United Democratic Front,Jania
Result Declared  ,6067,BENAZIR ARFAN,Assam,Bharatiya Janata Party,Jania
Result Declared  ,1976,MAINUL HOQUE,Assam,Communist Party of India  (Marxist),Jania
Result Declared  ,769,AMIR HUSSAIN,Assam,Rashtriya Secular Congress,Jania
Result Declared  ,506,MD. SULTAN MAHMUD,Assam,Rashtriya Jankranti Party,Jania
Result Declared  ,689,None of the Above,Assam,None of the Above,Jania
Result Declared  ,51882,SUKUR ALI AHMED,Assam,Indian National Congress,Chenga
Result Declared  ,28525,MONOWARA KHATUN,Assam,All India United Democratic Front,Chenga
Result Declared  ,25902,GUNAJIT ADHIKARY,Assam,Bharatiya Janata Party,Chenga
Result Declared  ,2190,SHAFIKUL HOQUE,Assam,All India Trinamool Congress,Chenga
Result Declared  ,639,SURJYA MALLIQUE,Assam,Independent,Chenga
Result Declared  ,667,None of the Above,Assam,None of the Above,Chenga
Result Declared  ,72211,REKIBUDDIN AHMED,Assam,Indian National Congress,Chaygaon
Result Declared  ,64390,DR. KAMALA KANTA KALITA,Assam,Asom Gana Parishad,Chaygaon
Result Declared  ,4984,DERAJUDDIN AHMED,Assam,All India United Democratic Front,Chaygaon
Result Declared  ,2225,BECKNIUR K. MARAK,Assam,Independent,Chaygaon
Result Declared  ,1601,None of the Above,Assam,None of the Above,Chaygaon
Result Declared  ,69986,NANDITA DAS,Assam,Indian National Congress,Boko SC
Result Declared  ,52392,JYOTI PRASAD DAS,Assam,Asom Gana Parishad,Boko SC
Result Declared  ,42338,GOPI NATH DAS,Assam,All India United Democratic Front,Boko SC
Result Declared  ,5794,DR. GHANASHYAM DAS,Assam,Independent,Boko SC
Result Declared  ,2976,ANIRBAN DAS,Assam,Independent,Boko SC
Result Declared  ,1148,NITISH RANJAN DAS,Assam,Independent,Boko SC
Result Declared  ,1851,None of the Above,Assam,None of the Above,Boko SC
Result Declared  ,132184,RAMENDRA NARAYAN KALITA,Assam,Asom Gana Parishad,Gauhati West
Result Declared  ,42274,DR. JURY SHARMA BORDOLOI,Assam,Indian National Congress,Gauhati West
Result Declared  ,12397,HEMANTA TALUKDAR,Assam,Independent,Gauhati West
Result Declared  ,5838,PRANAB SARMAH,Assam,Independent,Gauhati West
Result Declared  ,4269,DEBA KUMAR BARMAN,Assam,All India Trinamool Congress,Gauhati West
Result Declared  ,1771,JAYANTA BORO,Assam,Independent,Gauhati West
Result Declared  ,1741,MD. JAVED HUSSAIN TANWAR,Assam,The National Road Map Party of India,Gauhati West
Result Declared  ,763,MD. IFTAZUR RAHMAN,Assam,Independent,Gauhati West
Result Declared  ,684,SUBIMAL BISWAS,Assam,Bharatiya Gana Parishad,Gauhati West
Result Declared  ,613,MITAN SARKAR,Assam,Lok Jan Shakti Party,Gauhati West
Result Declared  ,612,PULAK RANJAN CHAKRABARTY,Assam,Shivsena,Gauhati West
Result Declared  ,496,HASNUR ALI,Assam,Rashtriya Pragati Party,Gauhati West
Result Declared  ,398,MANAS PRATIM DAS,Assam,Rashtriya Jankranti Party,Gauhati West
Result Declared  ,2280,None of the Above,Assam,None of the Above,Gauhati West
Result Declared  ,56454,RANJEET KUMAR DASS,Assam,Bharatiya Janata Party,Sorbhog
Result Declared  ,36928,ANURUPA HANNAN,Assam,Indian National Congress,Sorbhog
Result Declared  ,29082,MANORANJAN TALUKDAR,Assam,Communist Party of India  (Marxist),Sorbhog
Result Declared  ,19387,PRADIP DEB NATH,Assam,Independent,Sorbhog
Result Declared  ,17504,SAMSUL HOQUE,Assam,All India United Democratic Front,Sorbhog
Result Declared  ,3755,ANILANANDA PATHAK,Assam,Independent,Sorbhog
Result Declared  ,1181,HIMANGSHU BHARALI,Assam,Independent,Sorbhog
Result Declared  ,1010,MOHIDUL ISLAM,Assam,Independent,Sorbhog
Result Declared  ,630,NIRMAL KUMAR AGARWALA,Assam,Independent,Sorbhog
Result Declared  ,602,IKBAL HUSSAIN,Assam,The National Road Map Party of India,Sorbhog
Result Declared  ,466,MANJU SHABNAM,Assam,Republican Party of India (A),Sorbhog
Result Declared  ,435,MUKTAR HUSSAIN,Assam,Jan Congress Party,Sorbhog
Result Declared  ,414,SUBAL CH. DAS,Assam,Bharatiya Gana Parishad,Sorbhog
Result Declared  ,370,ABDUL HAKIM AHMED,Assam,Independent,Sorbhog
Result Declared  ,1129,None of the Above,Assam,None of the Above,Sorbhog
Result Declared  ,75210,SRI PRANAB KALITA,Assam,Bharatiya Janata Party,Palasbari
Result Declared  ,26468,NABAJYOTI TALUKDAR,Assam,Indian National Congress,Palasbari
Result Declared  ,15755,JATIN MALI,Assam,Independent,Palasbari
Result Declared  ,991,KUSHAL CHANDRA SARMA,Assam,Independent,Palasbari
Result Declared  ,980,JURI MALI,Assam,Liberal Democratic Party,Palasbari
Result Declared  ,127602,SIDDHARTHA BHATTACHARYA,Assam,Bharatiya Janata Party,Gauhati East
Result Declared  ,30965,BOBBEETA SHARMA,Assam,Indian National Congress,Gauhati East
Result Declared  ,591,DR. AVIJIT CHAKRABORTY,Assam,Bharatiya Gana Parishad,Gauhati East
Result Declared  ,499,PRODYUT KUMAR BORA,Assam,Liberal Democratic Party,Gauhati East
Result Declared  ,377,RAKTIMAVA SWAMI,Assam,Independent,Gauhati East
Result Declared  ,467,PALASH JYOTI DAS,Assam,Rashtriya Jankranti Party,Palasbari
Result Declared  ,1564,None of the Above,Assam,None of the Above,Palasbari
Result Declared  ,243,BIPUL KUMAR TALUKDAR,Assam,Independent,Gauhati East
Result Declared  ,196,BHUPEN SARMA,Assam,Independent,Gauhati East
Result Declared  ,189,PRADIP KUMAR DAS,Assam,Rashtriya Secular Congress,Gauhati East
Result Declared  ,182,SUBHASH CHANDRA GUPTA,Assam,The National Road Map Party of India,Gauhati East
Result Declared  ,181,KAZI NEKIB AHMED,Assam,Independent,Gauhati East
Result Declared  ,137,PRANAB JYOTI DAS,Assam,Republican Party of India (A),Gauhati East
Result Declared  ,129,BANDANA BARMAN BARUAH,Assam,Rashtriya Jankranti Party,Gauhati East
Result Declared  ,1288,None of the Above,Assam,None of the Above,Gauhati East
Result Declared  ,118390,HIMANTA BISWA SARMA,Assam,Bharatiya Janata Party,Jalukbari
Result Declared  ,32455,NIREN DEKA,Assam,Indian National Congress,Jalukbari
Result Declared  ,636,RAMEN CHANDRA LAHKAR,Assam,Independent,Jalukbari
Result Declared  ,614,AMIT BASFOR,Assam,Rashtriya Jankranti Party,Jalukbari
Result Declared  ,371,SADEK ALI,Assam,All India Trinamool Congress,Jalukbari
Result Declared  ,290,NABA KUMAR NATH,Assam,Independent,Jalukbari
Result Declared  ,180,BAPI AICH,Assam,Bharatiya Gana Parishad,Jalukbari
Result Declared  ,168,MOINUL HOQUE,Assam,Bhartiya Rashtrawadi Party,Jalukbari
Result Declared  ,164,NATHUNI  DAS,Assam,Republican Party of India (A),Jalukbari
Result Declared  ,164,MAKANI BARMAN,Assam,Rashtriya Pragati Party,Jalukbari
Result Declared  ,1074,None of the Above,Assam,None of the Above,Jalukbari
Result Declared  ,198378,ATUL BORA,Assam,Bharatiya Janata Party,Dispur 
Result Declared  ,68181,AKON BORA,Assam,Indian National Congress,Dispur 
Result Declared  ,1944,SANGITA DAS,Assam,Communist Party of India  (Marxist),Dispur 
Result Declared  ,1756,HARESWAR RAHANG,Assam,Independent,Dispur 
Result Declared  ,1259,PRADIP BARUAH,Assam,Nationalist Congress Party,Dispur 
Result Declared  ,1022,BIDYUT BORA,Assam,All India Trinamool Congress,Dispur 
Result Declared  ,717,DADHISWAR PHANGCHO,Assam,Independent,Dispur 
Result Declared  ,614,BISHNU PRASAD SARMA,Assam,Independent,Dispur 
Result Declared  ,551,GOBINDA DAS,Assam,Independent,Dispur 
Result Declared  ,485,RIJUMONI GOGOI,Assam,Bhartiya Rashtrawadi Party,Dispur 
Result Declared  ,420,DR. JITENDRA KUMAR TALUKDAR,Assam,Liberal Democratic Party,Dispur 
Result Declared  ,384,DR. FARUK AHMED BHUYAN,Assam,Samajwadi Party,Dispur 
Result Declared  ,336,BANDANA BARMAN BARUAH,Assam,Rashtriya Jankranti Party,Dispur 
Result Declared  ,222,PARAG KOCH,Assam,Republican Party of India (A),Dispur 
Result Declared  ,2600,None of the Above,Assam,None of the Above,Dispur 
Result Declared  ,63031,EMMANUEL MOSAHARY,Assam,Bodoland Peoples Front,Tamulpur
Result Declared  ,43084,RABINDRA BISWAS,Assam,Indian National Congress,Tamulpur
Result Declared  ,21704,CHANDI BASUMATARY,Assam,Independent,Tamulpur
Result Declared  ,5331,JAMIR UDDIN AHMED,Assam,Independent,Tamulpur
Result Declared  ,3532,GIRISH CHANDRA MAHANTA,Assam,Independent,Tamulpur
Result Declared  ,3120,MANDAL BASKEY,Assam,Independent,Tamulpur
Result Declared  ,1697,HIRANYA CHOUDHURY,Assam,Independent,Tamulpur
Result Declared  ,1527,DERHAGRA MOCHAHARY,Assam,Liberal Democratic Party,Tamulpur
Result Declared  ,1339,RANJIT KR BISWAS,Assam,Republican Party of India (A),Tamulpur
Result Declared  ,2674,None of the Above,Assam,None of the Above,Tamulpur
Result Declared  ,78170,SATYABRAT KALITA,Assam,Asom Gana Parishad,Kamalpur
Result Declared  ,41261,PRANJIT CHOUDHURY,Assam,Indian National Congress,Kamalpur
Result Declared  ,6882,MATLEBUDDIN AHMED,Assam,Independent,Kamalpur
Result Declared  ,3400,OMAR RASHID,Assam,Independent,Kamalpur
Result Declared  ,1840,MADHABI DEKA,Assam,All India Trinamool Congress,Kamalpur
Result Declared  ,1021,HARMOHAN CHANDRA RAJBONGSHI,Assam,Independent,Kamalpur
Result Declared  ,650,RAMEN CHANDRA MAHANTA,Assam,Jai Maha Bharath Party,Kamalpur
Result Declared  ,505,SAIDUR RAHMAN,Assam,Independent,Kamalpur
Result Declared  ,441,REKIBAR RAHMAN,Assam,Independent,Kamalpur
Result Declared  ,361,SISIR KUMAR  KAKATI,Assam,SOCIALIST UNITY CENTRE OF INDIA (COMMUNIST),Kamalpur
Result Declared  ,939,None of the Above,Assam,None of the Above,Kamalpur
Result Declared  ,55096,SUMAN HARIPRIYA,Assam,Bharatiya Janata Party,Hajo
Result Declared  ,46188,DULU AHMED,Assam,Indian National Congress,Hajo
Result Declared  ,16608,NURUL HUSSAIN,Assam,Asom Gana Parishad,Hajo
Result Declared  ,6673,DWIPEN PATHAK,Assam,All India Trinamool Congress,Hajo
Result Declared  ,3567,MUJIBUR RAHMAN,Assam,All India United Democratic Front,Hajo
Result Declared  ,1380,HEMANTA KALITA,Assam,Independent,Hajo
Result Declared  ,1017,RAMANI MALAKAR,Assam,Independent,Hajo
Result Declared  ,696,IMDADUR RAHMAN,Assam,National People's Party,Hajo
Result Declared  ,556,RAMEN CHANDRA LAHKAR,Assam,Independent,Hajo
Result Declared  ,501,TRIPTI KANA MAZUMDAR CHOUDHURY,Assam,Independent,Hajo
Result Declared  ,369,TAHER ALI TALUKDAR,Assam,Independent,Hajo
Result Declared  ,338,MD. REKIBUDDIN AHMED,Assam,Samajwadi Party,Hajo
Result Declared  ,301,MAKANI BARMAN,Assam,Rashtriya Pragati Party,Hajo
Result Declared  ,261,MOHAN CHANDRA MALAKAR,Assam,Liberal Democratic Party,Hajo
Result Declared  ,240,TABIBAR RAHMAN,Assam,Rashtriya Secular Congress,Hajo
Result Declared  ,214,TAIZUDDIN AHMED,Assam,Independent,Hajo
Result Declared  ,1163,None of the Above,Assam,None of the Above,Hajo
Result Declared  ,99131,ASHOK SARMA,Assam,Bharatiya Janata Party,Nalbari
Result Declared  ,46087,PRADYUT KUMAR BHUYAN,Assam,Indian National Congress,Nalbari
Result Declared  ,3608,KHURSHID ALAM,Assam,Independent,Nalbari
Result Declared  ,3028,SHRISTI SARMA,Assam,Independent,Nalbari
Result Declared  ,1676,MAHESWAR DUTTA,Assam,Communist Party of India  (Marxist),Nalbari
Result Declared  ,698,HARINARAYAN DAS,Assam,Independent,Nalbari
Result Declared  ,611,JYOTIRMAY GOSWAMI,Assam,Independent,Nalbari
Result Declared  ,398,MAHARISHI PARASAR CHAKRAVARTY,Assam,Independent,Nalbari
Result Declared  ,271,GOPI BARUAH,Assam,Independent,Nalbari
Result Declared  ,229,JITEN KALITA,Assam,Janata Dal  (United),Nalbari
Result Declared  ,222,MUNINDRA DOLEY,Assam,SOCIALIST UNITY CENTRE OF INDIA (COMMUNIST),Nalbari
Result Declared  ,1576,None of the Above,Assam,None of the Above,Nalbari
Result Declared  ,58353,BHABESH KALITA,Assam,Bharatiya Janata Party,Rangia
Result Declared  ,26286,GHANASHYAM KALITA,Assam,Indian National Congress,Rangia
Result Declared  ,17772,MRINAL DEKA,Assam,Independent,Rangia
Result Declared  ,14411,ABDUL SAMAD CHOUDHURY,Assam,All India United Democratic Front,Rangia
Result Declared  ,12261,ANANTA DEKA,Assam,Communist Party of India  (Marxist),Rangia
Result Declared  ,5358,THANESWAR BORO,Assam,Independent,Rangia
Result Declared  ,4472,SAMSUL HAQUE,Assam,Independent,Rangia
Result Declared  ,1230,PABITRA BARO,Assam,Independent,Rangia
Result Declared  ,1066,RAJIB KAKOTI,Assam,Independent,Rangia
Result Declared  ,616,BISWAJIT BRAHMA,Assam,Independent,Rangia
Result Declared  ,570,BABUL BARO,Assam,Independent,Rangia
Result Declared  ,892,None of the Above,Assam,None of the Above,Rangia
Result Declared  ,69223,NARAYAN DEKA,Assam,Bharatiya Janata Party,Barkhetry
Result Declared  ,60610,DIGANTA BARMAN,Assam,Indian National Congress,Barkhetry
Result Declared  ,9950,MD. AKRAM HUSSAIN TALUKDAR,Assam,All India United Democratic Front,Barkhetry
Result Declared  ,2316,KAMALESH DEKA,Assam,Independent,Barkhetry
Result Declared  ,874,RAAJU BARMAN,Assam,All India Trinamool Congress,Barkhetry
Result Declared  ,670,DEEPAK KALITA,Assam,Jai Maha Bharath Party,Barkhetry
Result Declared  ,551,BHUPEN TALUKDAR,Assam,Independent,Barkhetry
Result Declared  ,475,MANOMATI DAS,Assam,Independent,Barkhetry
Result Declared  ,382,BIPUL GOSWAMI,Assam,Independent,Barkhetry
Result Declared  ,368,MANTU BARUAH,Assam,Independent,Barkhetry
Result Declared  ,347,RAJU DEKA,Assam,Independent,Barkhetry
Result Declared  ,255,BHUMIDHAR BARMAN,Assam,Liberal Democratic Party,Barkhetry
Result Declared  ,782,None of the Above,Assam,None of the Above,Barkhetry
Result Declared  ,70503,CHANDRA MOHAN PATOWARY,Assam,Bharatiya Janata Party,Dharmapur
Result Declared  ,36560,NILAMANI SEN DEKA,Assam,Indian National Congress,Dharmapur
Result Declared  ,2194,DIPAK BARMAN,Assam,Independent,Dharmapur
Result Declared  ,699,SANKAR TALUKDAR,Assam,Rashtriya Jankranti Party,Dharmapur
Result Declared  ,988,None of the Above,Assam,None of the Above,Dharmapur
Result Declared  ,38668,KAMALI BASUMATARI,Assam,Bodoland Peoples Front,Panery
Result Declared  ,22866,NANDA RAM BARO,Assam,Independent,Panery
Result Declared  ,19089,DURGADAS BORO,Assam,Indian National Congress,Panery
Result Declared  ,12812,PRABHAT DAS PANIKA,Assam,Independent,Panery
Result Declared  ,3644,SUDHENDU MOHAN TALUKDAR,Assam,Independent,Panery
Result Declared  ,3276,BIKAN CHANDRA DEKA,Assam,Independent,Panery
Result Declared  ,1978,MAHESH CHANDRA SARMA,Assam,Independent,Panery
Result Declared  ,1489,DINA NATH DAS,Assam,Independent,Panery
Result Declared  ,1364,SWARNALATA CHALIHA,Assam,SOCIALIST UNITY CENTRE OF INDIA (COMMUNIST),Panery
Result Declared  ,2427,None of the Above,Assam,None of the Above,Panery
Result Declared  ,43250,THANESWAR BASUMATARY,Assam,Bodoland Peoples Front,Chapaguri
Result Declared  ,41769,SUJAN DAS,Assam,Independent,Chapaguri
Result Declared  ,27342,HITESH BASUMATARY,Assam,Independent,Chapaguri
Result Declared  ,2058,None of the Above,Assam,None of the Above,Chapaguri
Result Declared  ,47206,MAHESWAR BARO,Assam,Bodoland Peoples Front,Kalaigaon
Result Declared  ,29585,NATHU RAM BORO,Assam,All India United Democratic Front,Kalaigaon
Result Declared  ,24287,MUKUNDA RAM CHOUDHURY,Assam,Asom Gana Parishad,Kalaigaon
Result Declared  ,11344,BABUL BASUMATARY,Assam,Independent,Kalaigaon
Result Declared  ,10367,INDRAJIT KUMAR SAIKIA,Assam,Indian National Congress,Kalaigaon
Result Declared  ,2238,SUDHENDU MOHAN TALUKDAR,Assam,Bharatiya Gana Parishad,Kalaigaon
Result Declared  ,1411,BRAJEN MAHANTA,Assam,Independent,Kalaigaon
Result Declared  ,1140,RADHE SHYAM CHAUHAN,Assam,Independent,Kalaigaon
Result Declared  ,783,BIJOY DAS,Assam,Independent,Kalaigaon
Result Declared  ,708,AROON BAROOA,Assam,New All India Congress Party,Kalaigaon
Result Declared  ,634,DR. NAYAN MANI BHAGAWATI,Assam,Independent,Kalaigaon
Result Declared  ,594,SUSHIL KUMAR SARMA,Assam,Lok Jan Shakti Party,Kalaigaon
Result Declared  ,531,JITENDRA CHALIHA,Assam,SOCIALIST UNITY CENTRE OF INDIA (COMMUNIST),Kalaigaon
Result Declared  ,484,GOPAL SARKAR,Assam,Independent,Kalaigaon
Result Declared  ,305,ABDUL SABUR,Assam,Independent,Kalaigaon
Result Declared  ,1199,None of the Above,Assam,None of the Above,Kalaigaon
Result Declared  ,73423,GURUJYOTI DAS,Assam,Bharatiya Janata Party,Mangaldoi
Result Declared  ,51378,BASANTA DAS,Assam,Indian National Congress,Mangaldoi
Result Declared  ,48417,HIREN KR DAS,Assam,All India United Democratic Front,Mangaldoi
Result Declared  ,953,JITENDRA SARKAR,Assam,Independent,Mangaldoi
Result Declared  ,874,BHUPEN CH. DAS,Assam,Lok Jan Shakti Party,Mangaldoi
Result Declared  ,841,ARJUN CH. DAS,Assam,Independent,Mangaldoi
Result Declared  ,466,JAGADISH CHANDRA SARKAR,Assam,Independent,Mangaldoi
Result Declared  ,1384,None of the Above,Assam,None of the Above,Mangaldoi
Result Declared  ,76607,ILIAS ALI,Assam,Indian National Congress,Dalgaon
Result Declared  ,74287,MAZIBUR RAHMAN,Assam,All India United Democratic Front,Dalgaon
Result Declared  ,24714,HABIBAR RAHMAN,Assam,Asom Gana Parishad,Dalgaon
Result Declared  ,1016,SARIFUDDIN AHMED,Assam,Independent,Dalgaon
Result Declared  ,926,ABDUR RAHIM,Assam,Independent,Dalgaon
Result Declared  ,900,MUSTAFA FAROOK AHMED,Assam,Independent,Dalgaon
Result Declared  ,707,AHMED ALI,Assam,Lok Jan Shakti Party,Dalgaon
Result Declared  ,1165,None of the Above,Assam,None of the Above,Dalgaon
Result Declared  ,65487,BINANDA KUMAR SAIKIA,Assam,Bharatiya Janata Party,Sipajhar
Result Declared  ,53312,DR ZOII NATH SARMAH,Assam,Indian National Congress,Sipajhar
Result Declared  ,10818,JAYANTA SAHARIA,Assam,Independent,Sipajhar
Result Declared  ,2476,SYED ABDULLAH,Assam,All India United Democratic Front,Sipajhar
Result Declared  ,1033,TRIDIB SARMA,Assam,Republican Party of India (A),Sipajhar
Result Declared  ,793,REJAUL HOQUE,Assam,Independent,Sipajhar
Result Declared  ,780,SARAT CHANDRA SARMA,Assam,Independent,Sipajhar
Result Declared  ,351,THANESWAR DAS,Assam,Lok Jan Shakti Party,Sipajhar
Result Declared  ,339,UMESH BANIA,Assam,Independent,Sipajhar
Result Declared  ,242,PAHESWARI BARUA,Assam,SOCIALIST UNITY CENTRE OF INDIA (COMMUNIST),Sipajhar
Result Declared  ,171,AMIYA KUMAR DEKA,Assam,Independent,Sipajhar
Result Declared  ,953,None of the Above,Assam,None of the Above,Sipajhar
Result Declared  ,48351,CHARAN BORO,Assam,Bodoland Peoples Front,Majbat
Result Declared  ,22133,TEHARU GOUR,Assam,All India United Democratic Front,Majbat
Result Declared  ,20577,RAPHAEL KUJUR,Assam,Indian National Congress,Majbat
Result Declared  ,8763,RABINDRA BASUMATARY,Assam,Independent,Majbat
Result Declared  ,2841,SAPNA DAIMARY,Assam,Independent,Majbat
Result Declared  ,2117,GIRISH CHANDRA CHAUDHURY,Assam,Independent,Majbat
Result Declared  ,1906,SUNIL SARKAR,Assam,Independent,Majbat
Result Declared  ,1276,BALDEV CHOUHAN,Assam,Lok Jan Shakti Party,Majbat
Result Declared  ,1007,LAL SOREN,Assam,Independent,Majbat
Result Declared  ,707,MANOJ KUMAR TAMULI,Assam,Independent,Majbat
Result Declared  ,380,ABUL QUASIM,Assam,Independent,Majbat
Result Declared  ,1974,None of the Above,Assam,None of the Above,Majbat
Result Declared  ,45037,RIHON DAIMARI,Assam,Bodoland Peoples Front,Udalguri
Result Declared  ,20663,ANJALI PRABHA DAIMARI,Assam,Independent,Udalguri
Result Declared  ,20204,DILIP KR. BARO,Assam,Independent,Udalguri
Result Declared  ,16343,JAMAN SINGH BRAHMA,Assam,Indian National Congress,Udalguri
Result Declared  ,3624,BIPUL NARZARY,Assam,Independent,Udalguri
Result Declared  ,1668,SANTOSH MADAHI,Assam,Independent,Udalguri
Result Declared  ,2456,None of the Above,Assam,None of the Above,Udalguri
Result Declared  ,71425,ASHOK  SINGHAL,Assam,Bharatiya Janata Party,Dhekiajuli
Result Declared  ,36430,HABUL CHAKRABORTY,Assam,Indian National Congress,Dhekiajuli
Result Declared  ,16690,DHANIRAM RAJOWAR,Assam,All India United Democratic Front,Dhekiajuli
Result Declared  ,8142,BENUDHAR NATH,Assam,Independent,Dhekiajuli
Result Declared  ,2972,RANJAY BASUMATARY,Assam,Independent,Dhekiajuli
Result Declared  ,2164,JAHIRUL ISLAM,Assam,Independent,Dhekiajuli
Result Declared  ,1603,SATRUGHNA SASONI,Assam,Independent,Dhekiajuli
Result Declared  ,1159,MOHAN CH NAG,Assam,Independent,Dhekiajuli
Result Declared  ,1127,MANORANJAN DAIMARI,Assam,Independent,Dhekiajuli
Result Declared  ,2368,None of the Above,Assam,None of the Above,Dhekiajuli
Result Declared  ,53912,GANESH KUMAR LIMBU,Assam,Bharatiya Janata Party,Barchalla
Result Declared  ,30230,TANKA BAHADUR RAI,Assam,Indian National Congress,Barchalla
Result Declared  ,23821,BINA DAIMARI,Assam,All India United Democratic Front,Barchalla
Result Declared  ,8847,NARAYAN SARMAH,Assam,Independent,Barchalla
Result Declared  ,1216,BIPHAI MINJ,Assam,Independent,Barchalla
Result Declared  ,1778,None of the Above,Assam,None of the Above,Barchalla
Result Declared  ,51597,PALLAB LOCHAN DAS,Assam,Bharatiya Janata Party,Rangapara
Result Declared  ,28606,BHIMANANDA TANTI,Assam,Indian National Congress,Rangapara
Result Declared  ,13281,BIJOY KUMAR TIRU,Assam,All India United Democratic Front,Rangapara
Result Declared  ,8033,ROYAL SORENG,Assam,Communist Party of India  (Marxist),Rangapara
Result Declared  ,6415,CHRISTOPHER DHANWAR,Assam,Independent,Rangapara
Result Declared  ,3438,ABHIJIT HAZARIKA,Assam,Independent,Rangapara
Result Declared  ,1362,JITENDRA KUMAR SHARMA,Assam,Independent,Rangapara
Result Declared  ,1255,MITHU MALAKAR,Assam,Independent,Rangapara
Result Declared  ,687,ABBAS KHAN,Assam,Independent,Rangapara
Result Declared  ,490,ARCHANA PAUL CHOUDHURY,Assam,Independent,Rangapara
Result Declared  ,2321,None of the Above,Assam,None of the Above,Rangapara
Result Declared  ,71170,BRINDABAN GOSWAMI,Assam,Asom Gana Parishad,Tezpur
Result Declared  ,36507,HIRANYA BHUYAN,Assam,Indian National Congress,Tezpur
Result Declared  ,22295,SUKENDRA NATH,Assam,All India United Democratic Front,Tezpur
Result Declared  ,1096,BIZIT SAIKIA,Assam,Independent,Tezpur
Result Declared  ,855,NAYAN MONI CHOUDHURY,Assam,SOCIALIST UNITY CENTRE OF INDIA (COMMUNIST),Tezpur
Result Declared  ,742,BHABANANDA DEKA,Assam,Independent,Tezpur
Result Declared  ,662,SUJIT SARMA,Assam,Jai Maha Bharath Party,Tezpur
Result Declared  ,569,MAHENDRA BHUYAN,Assam,Nationalist Congress Party,Tezpur
Result Declared  ,1514,None of the Above,Assam,None of the Above,Tezpur
Result Declared  ,60440,PADMA HAZARIKA,Assam,Bharatiya Janata Party,Sootea
Result Declared  ,58622,PRANESWAR BASUMATARY,Assam,Indian National Congress,Sootea
Result Declared  ,4914,KHEMRAJ CHETRY,Assam,Communist Party of India  (Marxist),Sootea
Result Declared  ,2484,JYOTI SUBBA,Assam,Independent,Sootea
Result Declared  ,2112,MAHENDRA URANG,Assam,Independent,Sootea
Result Declared  ,1189,ARUN NATH,Assam,Independent,Sootea
Result Declared  ,1941,None of the Above,Assam,None of the Above,Sootea
Result Declared  ,85424,UTPAL BORAH,Assam,Bharatiya Janata Party,Gohpur
Result Declared  ,56489,MONIKA BORA,Assam,Indian National Congress,Gohpur
Result Declared  ,1189,HALAN PURTTI,Assam,Communist Party of India  (Marxist-Leninist)  (Liberation),Gohpur
Result Declared  ,967,SABIR NARZARY,Assam,Independent,Gohpur
Result Declared  ,928,DEBEN SAIKIA,Assam,Independent,Gohpur
Result Declared  ,1621,None of the Above,Assam,None of the Above,Gohpur
Result Declared  ,80669,RAMA KANTA DEWRI,Assam,Bharatiya Janata Party,Marigaon
Result Declared  ,51046,JONJONALI BARUAH,Assam,Indian National Congress,Marigaon
Result Declared  ,3526,SHRI MUNIN MAHANTA,Assam,Communist Party of India,Marigaon
Result Declared  ,2441,SRI LACHIT CH MEDHI,Assam,Independent,Marigaon
Result Declared  ,1403,SHRI RAMEN NATH,Assam,Independent,Marigaon
Result Declared  ,920,KHAIRUN NESSA,Assam,Independent,Marigaon
Result Declared  ,417,DR. DHIREN CHANDRA NATH,Assam,Independent,Marigaon
Result Declared  ,870,None of the Above,Assam,None of the Above,Marigaon
Result Declared  ,45289,MANESWAR BRAHMA,Assam,Bodoland Peoples Front,Barama
Result Declared  ,35493,REKHA RANI DAS BORO,Assam,Independent,Barama
Result Declared  ,20870,KATI RAM BARO,Assam,Independent,Barama
Result Declared  ,14373,PANI RAM RABHA,Assam,Indian National Congress,Barama
Result Declared  ,1484,BHUPEN DAS,Assam,Independent,Barama
Result Declared  ,1977,None of the Above,Assam,None of the Above,Barama
Result Declared  ,94550,SHRI PIJUSH HAZARIKA,Assam,Bharatiya Janata Party,Jagiroad
Result Declared  ,66224,SHRI BIBEKANANDA DALAI,Assam,Indian National Congress,Jagiroad
Result Declared  ,7192,SHRI PUTUL DAS,Assam,All India United Democratic Front,Jagiroad
Result Declared  ,1357,SHRI DILIP DAS,Assam,All India Trinamool Congress,Jagiroad
Result Declared  ,576,SHRI SUKANTA MAZUMDAR,Assam,Bharatiya Gana Parishad,Jagiroad
Result Declared  ,523,SMT. MAMANI DAS,Assam,Independent,Jagiroad
Result Declared  ,401,SHRI SURJYA KUMAR DAS,Assam,Liberal Democratic Party,Jagiroad
Result Declared  ,1142,None of the Above,Assam,None of the Above,Jagiroad
Result Declared  ,52152,RANJIT DUTTA,Assam,Bharatiya Janata Party,Behali
Result Declared  ,28551,RUPAK SARMA,Assam,Indian National Congress,Behali
Result Declared  ,8025,BIBEK DAS,Assam,Communist Party of India  (Marxist-Leninist)  (Liberation),Behali
Result Declared  ,1573,ZULFIKAR HUSSAIN,Assam,Independent,Behali
Result Declared  ,2495,None of the Above,Assam,None of the Above,Behali
Result Declared  ,46343,ANGOORLATA DEKA,Assam,Bharatiya Janata Party,Batadroba
Result Declared  ,40458,GAUTAM BORA,Assam,Indian National Congress,Batadroba
Result Declared  ,33022,NAJIR UDDIN AHMED,Assam,All India United Democratic Front,Batadroba
Result Declared  ,830,RAJASREE BORA,Assam,Independent,Batadroba
Result Declared  ,559,ARUP KUMAR MAHANTA,Assam,Communist Party of India  (Marxist-Leninist)  (Liberation),Batadroba
Result Declared  ,551,MUKUL BORAH,Assam,Independent,Batadroba
Result Declared  ,434,PABAN PRAN RABI DAS,Assam,Bharat Vikas Morcha,Batadroba
Result Declared  ,237,DILWAR AHMED,Assam,Independent,Batadroba
Result Declared  ,792,None of the Above,Assam,None of the Above,Batadroba
Result Declared  ,72627,NURUL HUDA,Assam,Indian National Congress,Rupohihat
Result Declared  ,50783,NURUL AMIN CHOWDHURY,Assam,All India United Democratic Front,Rupohihat
Result Declared  ,15963,JAKARIA HAQUE CHOUDHURY,Assam,Bharatiya Janata Party,Rupohihat
Result Declared  ,9671,ABDUL AZIZ,Assam,Independent,Rupohihat
Result Declared  ,1019,ABU  HANIFA,Assam,Jan Congress Party,Rupohihat
Result Declared  ,901,FAIZUR RAHMAN,Assam,Independent,Rupohihat
Result Declared  ,709,BIJU BORO,Assam,Independent,Rupohihat
Result Declared  ,419,NAZIR HUSSAIN,Assam,Independent,Rupohihat
Result Declared  ,803,None of the Above,Assam,None of the Above,Rupohihat
Result Declared  ,76941,DIMBESWAR DAS,Assam,Bharatiya Janata Party,Raha
Result Declared  ,43867,SASHI KANTA DAS,Assam,Indian National Congress,Raha
Result Declared  ,38767,GUNESWAR DAS,Assam,All India United Democratic Front,Raha
Result Declared  ,2052,None of the Above,Assam,None of the Above,Raha
Result Declared  ,82786,AMINUL ISLAM,Assam,All India United Democratic Front,Dhing
Result Declared  ,58233,ANWAR HUSSAIN,Assam,Indian National Congress,Dhing
Result Declared  ,17807,MUZIBUR RAHMAN,Assam,Independent,Dhing
Result Declared  ,8958,MUKUT KUMAR DEBNATH,Assam,Bharatiya Janata Party,Dhing
Result Declared  ,1004,MUBARAK ALI PATHAN,Assam,Independent,Dhing
Result Declared  ,843,MAINUL HOQUE,Assam,Independent,Dhing
Result Declared  ,823,RAJANI KANTA NATH,Assam,Jai Maha Bharath Party,Dhing
Result Declared  ,737,JAMANUR RAHMAN,Assam,Revolutionary Communist Party of India  (Rasik Bhatt),Dhing
Result Declared  ,710,JEHIRUL ISLAM,Assam,All India Trinamool Congress,Dhing
Result Declared  ,1358,None of the Above,Assam,None of the Above,Dhing
Result Declared  ,66706,RUPAK SARMAH,Assam,Bharatiya Janata Party,Nowgong
Result Declared  ,53442,DR. DURLAV CHAMUA,Assam,Indian National Congress,Nowgong
Result Declared  ,18038,KARTICK SAHA,Assam,All India United Democratic Front,Nowgong
Result Declared  ,491,BIREN CHANDRA DAS,Assam,Akhil Bharat Hindu Mahasabha,Nowgong
Result Declared  ,376,SHANTANA MAHATO,Assam,Independent,Nowgong
Result Declared  ,322,JESMIN AHMED,Assam,Independent,Nowgong
Result Declared  ,268,MIHIR PAUL,Assam,All India Trinamool Congress,Nowgong
Result Declared  ,230,ANSER ALI ALOM,Assam,Independent,Nowgong
Result Declared  ,782,None of the Above,Assam,None of the Above,Nowgong
Result Declared  ,57904,DR. NAZRUL ISLAM,Assam,Indian National Congress,Laharighat
Result Declared  ,52098,SIDDIQUE AHMED,Assam,All India United Democratic Front,Laharighat
Result Declared  ,25692,SHRI JADUMONI PATAR,Assam,Asom Gana Parishad,Laharighat
Result Declared  ,1752,SHRI RABINDRA NATH BISWAS,Assam,Independent,Laharighat
Result Declared  ,1494,SHRI RANJIT KUMAR DEKA,Assam,Independent,Laharighat
Result Declared  ,930,None of the Above,Assam,None of the Above,Laharighat
Result Declared  ,65768,SRI PRAFULLA KUMAR MAHANTA,Assam,Asom Gana Parishad,Barhampur
Result Declared  ,60599,SURESH BORA,Assam,Indian National Congress,Barhampur
Result Declared  ,2787,SHARIFUL ISLAM SIDDIQUE,Assam,All India United Democratic Front,Barhampur
Result Declared  ,1687,LAKHAN CH.MIRDHA,Assam,Communist Party of India,Barhampur
Result Declared  ,1184,PRAHLAD CHANDRA BHUYAN,Assam,Independent,Barhampur
Result Declared  ,754,ABIDA BEGUM,Assam,Rashtriya Jankranti Party,Barhampur
Result Declared  ,607,PAWAN PANIKA,Assam,Forward Democratic Labour Party,Barhampur
Result Declared  ,480,ABDUL ALI,Assam,Independent,Barhampur
Result Declared  ,461,DEBABRATA SAIKIA,Assam,Independent,Barhampur
Result Declared  ,284,SONA RAM BORA,Assam,SOCIALIST UNITY CENTRE OF INDIA (COMMUNIST),Barhampur
Result Declared  ,1179,None of the Above,Assam,None of the Above,Barhampur
Result Declared  ,64225,PROMOD BORTHAKUR,Assam,Bharatiya Janata Party,Biswanath
Result Declared  ,54105,NURJAMAL SARKAR,Assam,Indian National Congress,Biswanath
Result Declared  ,2056,GOPI CHAND SHAHABADI,Assam,Janata Dal  (United),Biswanath
Result Declared  ,2341,None of the Above,Assam,None of the Above,Biswanath
Result Declared  ,64759,KESHAB MAHANTA,Assam,Asom Gana Parishad,Kaliabor
Result Declared  ,26769,BINDU GANJU,Assam,Indian National Congress,Kaliabor
Result Declared  ,3682,BOLORAM NAG,Assam,All India United Democratic Front,Kaliabor
Result Declared  ,2325,BIJAY KUMAR CHAMARIA,Assam,Independent,Kaliabor
Result Declared  ,2063,PROMODE BHUYAN,Assam,Communist Party of India,Kaliabor
Result Declared  ,1016,JAYANTA ORANG,Assam,Independent,Kaliabor
Result Declared  ,870,BHUPEN CHANDRA BORAH,Assam,Liberal Democratic Party,Kaliabor
Result Declared  ,794,BHASKAR SHARMA,Assam,Independent,Kaliabor
Result Declared  ,503,BIREN MIRDHA,Assam,Bharat Vikas Morcha,Kaliabor
Result Declared  ,1626,None of the Above,Assam,None of the Above,Kaliabor
Result Declared  ,66364,RAKIBUL HUSSAIN,Assam,Indian National Congress,Samaguri
Result Declared  ,51849,JITU GOSWAMI,Assam,Bharatiya Janata Party,Samaguri
Result Declared  ,6726,MOSKUR RAHMAN CHOUDHURY,Assam,All India United Democratic Front,Samaguri
Result Declared  ,1282,SRI CHITTA RANJAN PAUL,Assam,Independent,Samaguri
Result Declared  ,562,PRADIP KALITA,Assam,Independent,Samaguri
Result Declared  ,968,None of the Above,Assam,None of the Above,Samaguri
Result Declared  ,65599,ABDUR RAHIM AJMAL,Assam,All India United Democratic Front,Jamunamukh
Result Declared  ,52394,REJAUL KARIM CHOWDHURY,Assam,Independent,Jamunamukh
Result Declared  ,23849,BASHIR UDDIN LASKAR,Assam,Indian National Congress,Jamunamukh
Result Declared  ,4732,ZIA UDDIN AHMED,Assam,Asom Gana Parishad,Jamunamukh
Result Declared  ,1956,BADAR UDDIN,Assam,Independent,Jamunamukh
Result Declared  ,904,ABDUL WAHID,Assam,Independent,Jamunamukh
Result Declared  ,756,SHAMAL DAS,Assam,Independent,Jamunamukh
Result Declared  ,653,SUMITRA BORAH,Assam,Independent,Jamunamukh
Result Declared  ,611,JUGAL BODO (DILU),Assam,Independent,Jamunamukh
Result Declared  ,489,NURUL HOQUE,Assam,Jan Congress Party,Jamunamukh
Result Declared  ,309,SUNTI BORA,Assam,Jai Maha Bharath Party,Jamunamukh
Result Declared  ,266,MINAZ UDDIN,Assam,Independent,Jamunamukh
Result Declared  ,233,BASIR UDDIN,Assam,Independent,Jamunamukh
Result Declared  ,208,KAMAL UDDIN,Assam,Independent,Jamunamukh
Result Declared  ,1129,None of the Above,Assam,None of the Above,Jamunamukh
Result Declared  ,72072,SIBU MISRA,Assam,Bharatiya Janata Party,Lumding
Result Declared  ,41672,NETRA RANJAN MAHANTA,Assam,Indian National Congress,Lumding
Result Declared  ,39075,SWAPAN KAR,Assam,All India United Democratic Front,Lumding
Result Declared  ,1109,UJJAL DEB,Assam,Independent,Lumding
Result Declared  ,746,KAMRUL ISLAM  BARBHUYAN,Assam,Jan Congress Party,Lumding
Result Declared  ,618,KAMAL PATAR,Assam,Independent,Lumding
Result Declared  ,1232,None of the Above,Assam,None of the Above,Lumding
Result Declared  ,73862,AJANTA NEOG,Assam,Indian National Congress,Golaghat
Result Declared  ,68649,BITUPAN SAIKIA,Assam,Bharatiya Janata Party,Golaghat
Result Declared  ,1804,SYED JAHID ABDULLAH,Assam,All India United Democratic Front,Golaghat
Result Declared  ,1193,DIPANKAR DAS,Assam,Independent,Golaghat
Result Declared  ,1717,None of the Above,Assam,None of the Above,Golaghat
Result Declared  ,57637,MRINAL SAIKIA,Assam,Bharatiya Janata Party,Khumtai
Result Declared  ,40763,BISMITA GOGOI,Assam,Indian National Congress,Khumtai
Result Declared  ,2005,LALAN THAKUR,Assam,Communist Party of India,Khumtai
Result Declared  ,1763,SAHJAHAN ALI,Assam,All India United Democratic Front,Khumtai
Result Declared  ,813,HEMANTA DOLOI,Assam,Independent,Khumtai
Result Declared  ,1286,None of the Above,Assam,None of the Above,Khumtai
Result Declared  ,69209,HITENDRA NATH GOSWAMI,Assam,Bharatiya Janata Party,Jorhat
Result Declared  ,55571,RANA GOSWAMI,Assam,Indian National Congress,Jorhat
Result Declared  ,1548,NIRMAL CHANDRA GOGOI,Assam,Communist Party of India  (Marxist),Jorhat
Result Declared  ,1372,PRODYUT KUMAR BORA,Assam,Liberal Democratic Party,Jorhat
Result Declared  ,842,SANJEEV RAJKHOWA,Assam,All India United Democratic Front,Jorhat
Result Declared  ,635,BHASKAR JYOTI MAHANTA,Assam,Independent,Jorhat
Result Declared  ,448,JIBON CHANDRA SARMAH,Assam,Independent,Jorhat
Result Declared  ,1184,None of the Above,Assam,None of the Above,Jorhat
Result Declared  ,62962,ATUL BORA,Assam,Asom Gana Parishad,Bokakhat
Result Declared  ,22769,ARUN PHUKAN,Assam,Indian National Congress,Bokakhat
Result Declared  ,11872,ANIMA GOGOI,Assam,Independent,Bokakhat
Result Declared  ,3414,REBA KANTA GOGOI,Assam,Independent,Bokakhat
Result Declared  ,1351,BIJOY KUTUM,Assam,Independent,Bokakhat
Result Declared  ,905,MRITYUNJOY PEGU,Assam,Independent,Bokakhat
Result Declared  ,2181,None of the Above,Assam,None of the Above,Bokakhat
Result Declared  ,67150,ROSELINA TIRKEY,Assam,Indian National Congress,Sarupathar
Result Declared  ,64223,BINOD GOWALLA,Assam,Asom Gana Parishad,Sarupathar
Result Declared  ,37281,BISWAJIT PHUKAN,Assam,Independent,Sarupathar
Result Declared  ,7596,SATYA DEV SAHU,Assam,All India United Democratic Front,Sarupathar
Result Declared  ,4058,BHADRESWAR TANTI,Assam,Independent,Sarupathar
Result Declared  ,1554,RUHIT BASUMATARY,Assam,Independent,Sarupathar
Result Declared  ,1189,DIPU SAIKIA,Assam,Independent,Sarupathar
Result Declared  ,3212,None of the Above,Assam,None of the Above,Sarupathar
Result Declared  ,105615,SHILADITYA DEV,Assam,Bharatiya Janata Party,Hojai
Result Declared  ,49756,DHANIRAM THOUSEN,Assam,All India United Democratic Front,Hojai
Result Declared  ,35207,ARDHENDU KUMAR DEY,Assam,Indian National Congress,Hojai
Result Declared  ,1432,MD ZAKIR HUSSAIN,Assam,Independent,Hojai
Result Declared  ,795,MAINUL HOQUE,Assam,Independent,Hojai
Result Declared  ,1342,None of the Above,Assam,None of the Above,Hojai
Result Declared  ,63079,BHABENDRA NATH BHARALI,Assam,Asom Gana Parishad,Dergaon
Result Declared  ,46807,AROTI HAZARIKA KACHARI,Assam,Indian National Congress,Dergaon
Result Declared  ,3622,RITA DAS,Assam,Independent,Dergaon
Result Declared  ,3225,BHUBAN CHANDRA SAIKIA,Assam,Independent,Dergaon
Result Declared  ,1828,AJIT HAZARIKA,Assam,Nationalist Congress Party,Dergaon
Result Declared  ,2050,None of the Above,Assam,None of the Above,Dergaon
Result Declared  ,62025,TARUN GOGOI,Assam,Indian National Congress,Titabar
Result Declared  ,44530,KAMAKHYA PRASAD TASA,Assam,Bharatiya Janata Party,Titabar
Result Declared  ,2413,KULA DAS,Assam,Communist Party of India,Titabar
Result Declared  ,1332,BIREN GOGOI,Assam,Bharat Vikas Morcha,Titabar
Result Declared  ,763,DILIP GOGOI,Assam,Independent,Titabar
Result Declared  ,715,SMRITIREKHA SHYAM,Assam,Independent,Titabar
Result Declared  ,1726,None of the Above,Assam,None of the Above,Titabar
Result Declared  ,49602,SARBANANDA SONOWAL,Assam,Bharatiya Janata Party,Majuli
Result Declared  ,30679,RAJIB LOCHAN PEGU,Assam,Indian National Congress,Majuli
Result Declared  ,15695,RANJIT DOLEY,Assam,Independent,Majuli
Result Declared  ,798,HEMANTA PEGU,Assam,SOCIALIST UNITY CENTRE OF INDIA (COMMUNIST),Majuli
Result Declared  ,987,None of the Above,Assam,None of the Above,Majuli
Result Declared  ,40928,RENUPOMA RAJKHOWA,Assam,Asom Gana Parishad,Teok
Result Declared  ,35879,PALLABI SAIKIA GOGOI,Assam,Indian National Congress,Teok
Result Declared  ,3923,GOJANAND MUNDA,Assam,Independent,Teok
Result Declared  ,3645,BUBUL DUTTA,Assam,Independent,Teok
Result Declared  ,3270,MOHENDRA KUMAR GOGOI,Assam,Independent,Teok
Result Declared  ,1611,JITEN TANTI,Assam,Communist Party of India  (Marxist-Leninist)  (Liberation),Teok
Result Declared  ,1441,RANJAN JYOTI PHUKON,Assam,Independent,Teok
Result Declared  ,1088,CHIRANJIT BORAH,Assam,Independent,Teok
Result Declared  ,811,KRISHNAA GOGOI,Assam,Independent,Teok
Result Declared  ,753,ASHRAF HUSSAIN,Assam,Independent,Teok
Result Declared  ,527,JOTIN SAIKIA,Assam,Independent,Teok
Result Declared  ,1570,None of the Above,Assam,None of the Above,Teok
Result Declared  ,36701,RUPJYOTI KURMI,Assam,Indian National Congress,Mariani
Result Declared  ,34908,ALOK KUMAR GHOSH,Assam,Nationalist Congress Party,Mariani
Result Declared  ,14602,DULEN NAYAK,Assam,Bharatiya Janata Party,Mariani
Result Declared  ,1954,JINTU HAZARIKA,Assam,Independent,Mariani
Result Declared  ,770,DIGANTA PHUKAN,Assam,Independent,Mariani
Result Declared  ,1613,None of the Above,Assam,None of the Above,Mariani
Result Declared  ,52869,DEBABRATA SAIKIA,Assam,Indian National Congress,Nazira
Result Declared  ,38014,PROHLAD GOWALA,Assam,Bharatiya Janata Party,Nazira
Result Declared  ,4507,KANAK GOGOI,Assam,Communist Party of India,Nazira
Result Declared  ,1501,RIBULAYA GOGOI,Assam,Independent,Nazira
Result Declared  ,1430,None of the Above,Assam,None of the Above,Nazira
Result Declared  ,42010,PRODIP HAZARIKA,Assam,Asom Gana Parishad,Amguri
Result Declared  ,40390,ANGKITA DUTTA,Assam,Indian National Congress,Amguri
Result Declared  ,5498,DULAL BARUAH,Assam,Independent,Amguri
Result Declared  ,3420,JANARDAN HAZARIKA,Assam,Independent,Amguri
Result Declared  ,1053,DILRAM KARMAKAR,Assam,Independent,Amguri
Result Declared  ,873,GAYATRI BORAH KALITA,Assam,All India United Democratic Front,Amguri
Result Declared  ,699,RAJKUMAR DOWARAH,Assam,All India Forward Bloc,Amguri
Result Declared  ,672,ANWAR HUSSAIN,Assam,Independent,Amguri
Result Declared  ,1399,None of the Above,Assam,None of the Above,Amguri
Result Declared  ,66563,DEBANANDA HAZARIKA,Assam,Bharatiya Janata Party,Bihpuria
Result Declared  ,40376,BHUPEN KUMAR BORAH,Assam,Indian National Congress,Bihpuria
Result Declared  ,754,PREMADHAR BORAH,Assam,Independent,Bihpuria
Result Declared  ,693,SUNDER DEURI,Assam,Rashtriya Secular Congress,Bihpuria
Result Declared  ,474,GARGI DEORI,Assam,Independent,Bihpuria
Result Declared  ,834,None of the Above,Assam,None of the Above,Bihpuria
Result Declared  ,49036,JOGEN MOHAN,Assam,Bharatiya Janata Party,Mahmara
Result Declared  ,34711,SURUJ DEHINGIA,Assam,Indian National Congress,Mahmara
Result Declared  ,9316,HIRANYA KUMAR KONWAR,Assam,Asom Gana Parishad,Mahmara
Result Declared  ,2194,HEMEN PEGU,Assam,Independent,Mahmara
Result Declared  ,1178,BALDEV TELI,Assam,Bharat Vikas Morcha,Mahmara
Result Declared  ,1140,PRASUN RAJKONWAR,Assam,Independent,Mahmara
Result Declared  ,872,SUNIT KUMAR MAHANTA,Assam,Jan Congress Party,Mahmara
Result Declared  ,812,RAJEN GOGOI,Assam,Nationalist Congress Party,Mahmara
Result Declared  ,744,KALI BORUAH,Assam,Liberal Democratic Party,Mahmara
Result Declared  ,731,DIBYA BURAGOHAIN GOGOI,Assam,Independent,Mahmara
Result Declared  ,448,NITYANANDA GOGOI,Assam,Revolutionary Communist Party of India  (Rasik Bhatt),Mahmara
Result Declared  ,251,GIRISH PHUKON,Assam,Rashtriya Jankranti Party,Mahmara
Result Declared  ,1795,None of the Above,Assam,None of the Above,Mahmara
Result Declared  ,73327,TOPON KUMAR GOGOI,Assam,Bharatiya Janata Party,Sonari
Result Declared  ,49210,SARAT BARKATAKY,Assam,Indian National Congress,Sonari
Result Declared  ,1579,RATAN HEMROM,Assam,Independent,Sonari
Result Declared  ,1330,ANUP BHOWMIK,Assam,Janata Dal  (United),Sonari
Result Declared  ,1254,BISHNU KOYA,Assam,Bharat Vikas Morcha,Sonari
Result Declared  ,770,RAYMOND KUJUR,Assam,Jan Congress Party,Sonari
Result Declared  ,732,MONIL BOKALIAL,Assam,Liberal Democratic Party,Sonari
Result Declared  ,3144,None of the Above,Assam,None of the Above,Sonari
Result Declared  ,48584,PRANAB KUMAR GOGOI,Assam,Indian National Congress,Sibsagar
Result Declared  ,48042,SURABHI RAJKONWAR,Assam,Bharatiya Janata Party,Sibsagar
Result Declared  ,10188,ASHINI KUMAR CHETIA,Assam,Independent,Sibsagar
Result Declared  ,2174,JITEN BORPATRA GOHAIN,Assam,Communist Party of India,Sibsagar
Result Declared  ,1506,JAYANTA RAJKONWAR,Assam,Independent,Sibsagar
Result Declared  ,722,ANWAR HUSSAIN,Assam,Independent,Sibsagar
Result Declared  ,663,DILSHAD HUSSAIN AHMED,Assam,All India United Democratic Front,Sibsagar
Result Declared  ,559,DR. GUNIN BASUMATARI,Assam,Liberal Democratic Party,Sibsagar
Result Declared  ,893,None of the Above,Assam,None of the Above,Sibsagar
Result Declared  ,41560,KUSHAL DOWARI,Assam,Bharatiya Janata Party,Thowra
Result Declared  ,40334,SUSHANTA BORGOHAIN,Assam,Indian National Congress,Thowra
Result Declared  ,2066,KUSHAL BORGOHAIN,Assam,Communist Party of India,Thowra
Result Declared  ,1876,None of the Above,Assam,None of the Above,Thowra
Result Declared  ,81556,NABA KUMAR DOLEY,Assam,Bharatiya Janata Party,Dhakuakhana
Result Declared  ,57014,BHARAT CHANDRA NARAH,Assam,Indian National Congress,Dhakuakhana
Result Declared  ,2270,LAKHI NATH SONOWAL,Assam,Communist Party of India  (Marxist),Dhakuakhana
Result Declared  ,2032,DILIP KUMAR CHOWDHURY,Assam,Independent,Dhakuakhana
Result Declared  ,1855,BHUMI RANJAN DOLEY,Assam,Independent,Dhakuakhana
Result Declared  ,812,DR RAJENDRA NATH PEGU,Assam,Liberal Democratic Party,Dhakuakhana
Result Declared  ,422,JUTIKA DOLEY,Assam,SOCIALIST UNITY CENTRE OF INDIA (COMMUNIST),Dhakuakhana
Result Declared  ,1111,None of the Above,Assam,None of the Above,Dhakuakhana
Result Declared  ,88441,BHUBON PEGU,Assam,Independent,Jonai
Result Declared  ,39148,ASWINI PAIT,Assam,Bharatiya Janata Party,Jonai
Result Declared  ,33265,SATHO BASUMATARY,Assam,Independent,Jonai
Result Declared  ,30890,SUSHIL PEGU,Assam,Indian National Congress,Jonai
Result Declared  ,5625,LENINDRA KUMAR DOLEY,Assam,Independent,Jonai
Result Declared  ,2290,HITESH DEORI,Assam,Independent,Jonai
Result Declared  ,2120,BHUPEN NARAH,Assam,Independent,Jonai
Result Declared  ,1519,JANKI KUMAR PEGU,Assam,Independent,Jonai
Result Declared  ,1068,NAREN SONOWAL,Assam,Independent,Jonai
Result Declared  ,1850,None of the Above,Assam,None of the Above,Jonai
Result Declared  ,45917,UTPAL DUTTA,Assam,Asom Gana Parishad,Lakhimpur
Result Declared  ,41762,JOY PRAKASH DAS,Assam,Indian National Congress,Lakhimpur
Result Declared  ,23493,GHANA BURAGOHAIN,Assam,Independent,Lakhimpur
Result Declared  ,11272,MAHIM HAZARIKA,Assam,Independent,Lakhimpur
Result Declared  ,4750,UDAY SHANKAR HAZARIKA,Assam,Independent,Lakhimpur
Result Declared  ,1313,DIPAK CHETIA,Assam,All India United Democratic Front,Lakhimpur
Result Declared  ,1313,ARUP KALITA,Assam,Communist Party of India,Lakhimpur
Result Declared  ,1092,MINAKHI GOHAIN BARUAH,Assam,Independent,Lakhimpur
Result Declared  ,861,HIRA GOGOI,Assam,Independent,Lakhimpur
Result Declared  ,730,FAZLUR RAHMAN,Assam,Independent,Lakhimpur
Result Declared  ,662,DILIP DUTTA,Assam,Independent,Lakhimpur
Result Declared  ,640,NANDA KISHORE MAHESWARI,Assam,Independent,Lakhimpur
Result Declared  ,481,MAHIM KONWAR,Assam,Independent,Lakhimpur
Result Declared  ,344,BIRINCHI PEGU,Assam,SOCIALIST UNITY CENTRE OF INDIA (COMMUNIST),Lakhimpur
Result Declared  ,888,None of the Above,Assam,None of the Above,Lakhimpur
Result Declared  ,69592,PRADAN BARUAH,Assam,Bharatiya Janata Party,Dhemaji
Result Declared  ,50471,SUMITRA DOLEY PATIR,Assam,Indian National Congress,Dhemaji
Result Declared  ,21874,PARAMANANDA CHAYENGIA,Assam,Independent,Dhemaji
Result Declared  ,16548,SAILEN SONOWAL,Assam,Independent,Dhemaji
Result Declared  ,3830,GANDHESWAR BORAH,Assam,Communist Party of India  (Marxist),Dhemaji
Result Declared  ,2456,KIRANBAN DEORI,Assam,Liberal Democratic Party,Dhemaji
Result Declared  ,2173,RAJKUMAR DOLEY,Assam,Independent,Dhemaji
Result Declared  ,1275,DURGESWAR PATIR,Assam,Lok Jan Shakti Party,Dhemaji
Result Declared  ,524,HEM KANTA MIRI,Assam,SOCIALIST UNITY CENTRE OF INDIA (COMMUNIST),Dhemaji
Result Declared  ,1417,None of the Above,Assam,None of the Above,Dhemaji
Result Declared  ,54571,CHAKRADHAR GOGOI,Assam,Bharatiya Janata Party,Moran
Result Declared  ,38340,PABAN SINGH GHATOWAR,Assam,Indian National Congress,Moran
Result Declared  ,2322,ASHOK KUMAR URANG,Assam,Independent,Moran
Result Declared  ,1650,HIRANYA BORUAH,Assam,Communist Party of India,Moran
Result Declared  ,1464,SUNIL RAJKONWAR,Assam,Independent,Moran
Result Declared  ,791,RUBUL BURAGOHAIN,Assam,Independent,Moran
Result Declared  ,1673,None of the Above,Assam,None of the Above,Moran
Result Declared  ,58450,TERASH GOWALLA,Assam,Bharatiya Janata Party,Duliajan
Result Declared  ,41364,DHRUBA JYOTI GOGOI,Assam,Indian National Congress,Duliajan
Result Declared  ,4376,AMIYA GOGOI,Assam,Independent,Duliajan
Result Declared  ,1816,RAMESH CHANDRA PHUKAN,Assam,Independent,Duliajan
Result Declared  ,1144,HIRANYA SONOWAL (RAJU),Assam,Independent,Duliajan
Result Declared  ,1037,ANJALI SENAPATI,Assam,Jan Congress Party,Duliajan
Result Declared  ,825,JATIN KONWAR,Assam,Independent,Duliajan
Result Declared  ,710,SUNIL TANTI,Assam,Communist Party of India  (Marxist-Leninist)  (Liberation),Duliajan
Result Declared  ,651,PROBIN KUMAR HAZARIKA,Assam,Independent,Duliajan
Result Declared  ,637,ISAK KARKARIA,Assam,Independent,Duliajan
Result Declared  ,542,JHUMA DEB NATH,Assam,Shivsena,Duliajan
Result Declared  ,2761,None of the Above,Assam,None of the Above,Duliajan
Result Declared  ,57072,BIMAL BORAH,Assam,Bharatiya Janata Party,Tingkhong
Result Declared  ,38734,ATUWA MUNDA,Assam,Indian National Congress,Tingkhong
Result Declared  ,2935,ANUP PHUKON,Assam,Independent,Tingkhong
Result Declared  ,1299,MIRA TANTI,Assam,Communist Party of India  (Marxist-Leninist)  (Liberation),Tingkhong
Result Declared  ,1235,DILIP BHARALI,Assam,Independent,Tingkhong
Result Declared  ,1150,ELIASH SICHAN,Assam,Jharkhand Disom Party,Tingkhong
Result Declared  ,2075,None of the Above,Assam,None of the Above,Tingkhong
Result Declared  ,59013,RITUPARNA BARUAH,Assam,Bharatiya Janata Party,Lahowal
Result Declared  ,39414,PRITHIBI MAJHI,Assam,Indian National Congress,Lahowal
Result Declared  ,3022,RAJESH RAJPUT,Assam,Communist Party of India,Lahowal
Result Declared  ,1753,RANJIT KONWAR,Assam,Independent,Lahowal
Result Declared  ,1568,SOMBHULAL SABOR,Assam,Independent,Lahowal
Result Declared  ,911,PRIYA NATH GOGOI,Assam,Independent,Lahowal
Result Declared  ,857,BOGA KUMAR NAG,Assam,Jan Congress Party,Lahowal
Result Declared  ,3039,None of the Above,Assam,None of the Above,Lahowal
Result Declared  ,70937,SANJOY KISHAN,Assam,Bharatiya Janata Party,Tinsukia
Result Declared  ,35868,RAJENDRA PRASAD SINGH,Assam,Indian National Congress,Tinsukia
Result Declared  ,4056,LAKHYAJYOTI BORUAH,Assam,Independent,Tinsukia
Result Declared  ,1020,CINTU BARUAH,Assam,Nationalist Congress Party,Tinsukia
Result Declared  ,773,ANANTA JYOTI BHATTACHARJEE,Assam,Jan Congress Party,Tinsukia
Result Declared  ,667,RAM DARSHAN SINGH,Assam,Independent,Tinsukia
Result Declared  ,536,RAM NARAYAN SINGH,Assam,Shivsena,Tinsukia
Result Declared  ,1986,None of the Above,Assam,None of the Above,Tinsukia
Result Declared  ,56003,MAMUN IMDADUL HAQUE CHAWDHURY,Assam,All India United Democratic Front,Naoboicha
Result Declared  ,54770,RAO GAJENDRA SINGH,Assam,Bharatiya Janata Party,Naoboicha
Result Declared  ,33862,SANJAY RAJ SUBBA,Assam,Indian National Congress,Naoboicha
Result Declared  ,8070,JAYANTA KHAUND,Assam,Asom Gana Parishad,Naoboicha
Result Declared  ,2787,SIMANTA BORUAH,Assam,Independent,Naoboicha
Result Declared  ,2481,PAWAN MAJHI SAUTAL,Assam,Independent,Naoboicha
Result Declared  ,827,SAHEBA AHMED,Assam,Independent,Naoboicha
Result Declared  ,737,ANUPAM CHUTIA,Assam,SOCIALIST UNITY CENTRE OF INDIA (COMMUNIST),Naoboicha
Result Declared  ,640,DR. DEBABRAT GOGOI,Assam,Independent,Naoboicha
Result Declared  ,512,SOFIQUL ISLAM,Assam,Independent,Naoboicha
Result Declared  ,371,DILWAR HUSSAIN,Assam,Independent,Naoboicha
Result Declared  ,1176,None of the Above,Assam,None of the Above,Naoboicha
Result Declared  ,49167,SUREN PHUKAN,Assam,Bharatiya Janata Party,Digboi
Result Declared  ,34874,GAUTAM DHANOWAR,Assam,Indian National Congress,Digboi
Result Declared  ,4841,PRANAB CHETIA,Assam,Independent,Digboi
Result Declared  ,1166,IMRAN SIDDIQUE,Assam,Independent,Digboi
Result Declared  ,977,BISWANATH SARMA BORDOLOI,Assam,Independent,Digboi
Result Declared  ,923,NOGEN DHEKIAL PHUKAN,Assam,Nationalist Congress Party,Digboi
Result Declared  ,743,BHABAKANTA CHUTIA,Assam,Independent,Digboi
Result Declared  ,588,CHANDAN BAGH,Assam,Independent,Digboi
Result Declared  ,2246,None of the Above,Assam,None of the Above,Digboi
Result Declared  ,46051,NAREN SONOWAL (BOTALI),Assam,Asom Gana Parishad,Naharkatia
Result Declared  ,42520,PRANATEE PHUKAN,Assam,Indian National Congress,Naharkatia
Result Declared  ,4026,SURESH CH. DEKA,Assam,Communist Party of India  (Marxist),Naharkatia
Result Declared  ,2708,MOHAN NAG,Assam,Independent,Naharkatia
Result Declared  ,783,MAHENDRA DHADUMIYA,Assam,Independent,Naharkatia
Result Declared  ,697,SADANANDA DAS,Assam,Jan Congress Party,Naharkatia
Result Declared  ,1719,None of the Above,Assam,None of the Above,Naharkatia
Result Declared  ,69351,BINOD HAZARIKA,Assam,Bharatiya Janata Party,Chabua 
Result Declared  ,38597,RAJU SAHU,Assam,Indian National Congress,Chabua 
Result Declared  ,2516,DEBNATH MAJHI,Assam,Communist Party of India  (Marxist-Leninist)  (Liberation),Chabua 
Result Declared  ,1315,RABIN CHANDRA KACHARI,Assam,Independent,Chabua 
Result Declared  ,1252,UTPAL KAKOTI,Assam,Independent,Chabua 
Result Declared  ,3012,None of the Above,Assam,None of the Above,Chabua 
Result Declared  ,63985,PRASANTA PHUKAN,Assam,Bharatiya Janata Party,Dibrugarh
Result Declared  ,36611,CHANDRA KANTA BARUA,Assam,Indian National Congress,Dibrugarh
Result Declared  ,1086,DIGANTA PHUKAN,Assam,Communist Party of India,Dibrugarh
Result Declared  ,748,BIPUL CHANDRA DAS,Assam,Independent,Dibrugarh
Result Declared  ,503,AVINASH SINGH,Assam,Independent,Dibrugarh
Result Declared  ,501,JUGEN KACHARI,Assam,Independent,Dibrugarh
Result Declared  ,311,PADMESWAR PHUKAN,Assam,Independent,Dibrugarh
Result Declared  ,1116,None of the Above,Assam,None of the Above,Dibrugarh
Result Declared  ,76365,BHASKAR SHARMA,Assam,Bharatiya Janata Party,Margherita
Result Declared  ,53621,PRADYUT BORDOLOI,Assam,Indian National Congress,Margherita
Result Declared  ,1332,NIDAN PURTY,Assam,Independent,Margherita
Result Declared  ,1306,BISHWANATH SINGHA,Assam,Independent,Margherita
Result Declared  ,1289,UMESH BORA,Assam,Independent,Margherita
Result Declared  ,690,PURNA CHETRI,Assam,Independent,Margherita
Result Declared  ,2137,None of the Above,Assam,None of the Above,Margherita
Result Declared  ,38845,BOLIN CHETIA,Assam,Bharatiya Janata Party,Sadiya
Result Declared  ,32279,BIRINCHI NEOG,Assam,Indian National Congress,Sadiya
Result Declared  ,22005,LAKHIN CHANDRA CHETIA,Assam,Independent,Sadiya
Result Declared  ,12481,DINDAYAL VERMA,Assam,Independent,Sadiya
Result Declared  ,5047,TIKENDRA THAPA,Assam,Independent,Sadiya
Result Declared  ,2310,DRONA CHARINGIA PHUKAN,Assam,Communist Party of India  (Marxist),Sadiya
Result Declared  ,1430,BISWANATH BARUAH,Assam,Independent,Sadiya
Result Declared  ,1264,SHRIKUMAR DOHUTIA,Assam,Independent,Sadiya
Result Declared  ,846,ANUP PRATIM BORBARUAH,Assam,Nationalist Congress Party,Sadiya
Result Declared  ,783,BULBUL GOWALA,Assam,Independent,Sadiya
Result Declared  ,758,RAMEN BORGOHAIN,Assam,Independent,Sadiya
Result Declared  ,756,LALIT DEORI,Assam,Independent,Sadiya
Result Declared  ,2044,None of the Above,Assam,None of the Above,Sadiya
Result Declared  ,46938,DURGA BHUMIJ,Assam,Indian National Congress,Doom Dooma
Result Declared  ,46156,DILIP MORAN,Assam,Bharatiya Janata Party,Doom Dooma
Result Declared  ,1481,HRISHIKESH BARUAH,Assam,Independent,Doom Dooma
Result Declared  ,1443,MONOJ KUMAR SAWASHI,Assam,Jan Congress Party,Doom Dooma
Result Declared  ,1441,RAJESH KARMAKAR,Assam,Independent,Doom Dooma
Result Declared  ,846,SARFARAZ ALAM,Assam,Independent,Doom Dooma
Result Declared  ,642,ISAB HUSSAIN,Assam,Independent,Doom Dooma
Result Declared  ,571,RANJIT SINGH GORH,Assam,Independent,Doom Dooma
Result Declared  ,557,BHABA KANTA CHUTIA,Assam,Independent,Doom Dooma
Result Declared  ,3317,None of the Above,Assam,None of the Above,Doom Dooma
